forward,reverse,Tm,GC,fwd_tm,rev_tm,fwd_gc,rev_gc,product_size,penalty_score,tm_diff,fwd_start,fwd_end,rev_start,rev_end,fwd_self_any,fwd_self_3p,rev_self_any,rev_self_3p,cross_any,cross_3p,fwd_quality,rev_quality
ACGTGGTTATAGGGTTTCGC,CTAGGGAAATCAACGCCTAC,60.0/60.0,50.0/50.0,60,60,50.0,50.0,350,-0.1,0,440,460,770,790,3369.0,689.8,2285.7,438.4,3416.7,3416.7,10.5,10.5
GGGAACTGCCAGTACATATG,CAACGAGATCGACCCTAAAG,60.0/60.0,50.0/50.0,60,60,50.0,50.0,250,-0.1,0,1520,1540,1750,1770,4371.4,4318.3,5540.0,107.6,3736.6,59.6,10.5,10.5
TCCTGGGATACATGGTGTAC,GATACATCACCGTTCAGCAC,60.0/60.0,50.0/50.0,60,60,50.0,50.0,250,-0.1,0,4340,4360,4570,4590,4090.5,2191.8,2833.4,330.3,3621.2,2491.8,10.5,10.5
TCCTCATCATCATGGTGAGC,GTTCTTGAGCTGCAAACAGG,60.0/60.0,50.0/50.0,60,60,50.0,50.0,150,-0.1,0,4460,4480,4590,4610,7306.8,1268.4,4878.8,2400.6,2790.9,2790.9,10.5,10.5
GAAGATGGACGCCTTCTACT,CAACGAGATCGACCCTAATG,60.0/60.0,50.0/50.0,60,60,50.0,50.0,400,-0.05,0,260,280,640,660,3272.2,116.9,5540.0,169.1,2803.6,1556.5,10.0,10.5
ACGTGGTTATAGGGTTTCGC,CTGAACAGAGCGGCAGAATT,60.0/60.0,50.0/50.0,60,60,50.0,50.0,300,-0.05,0,440,460,720,740,3369.0,689.8,4989.0,1585.0,3686.4,3686.4,10.5,10.0
GTAGGCGTTGATTTCCCTAG,CTACTACCTGCCATGCGTAA,60.0/60.0,50.0/50.0,60,60,50.0,50.0,200,-0.05,0,770,790,950,970,2226.9,1604.5,2567.1,602.3,3681.7,738.5,10.5,10.0
TTACGCATGGCAGGTAGTAG,TGGAGTGCTAGAGGAAACGA,60.0/60.0,50.0/50.0,60,60,50.0,50.0,300,-0.05,0,950,970,1230,1250,4321.5,531.3,3917.0,662.8,3055.2,673.2,10.5,10.0
GGGAACTGCCAGTACATATG,TCTGTACAGAGCGGCAGAAT,60.0/60.0,50.0/50.0,60,60,50.0,50.0,350,-0.05,0,1520,1540,1850,1870,4371.4,4318.3,7795.6,856.7,6386.2,3368.0,10.5,10.0
ATTCTGCCGCTCTGTACAGA,CTATCCATGCTGGTTGGAAC,60.0/60.0,50.0/50.0,60,60,50.0,50.0,350,-0.05,0,1850,1870,2180,2200,7931.7,7931.7,2536.7,1659.9,3463.4,540.0,10.0,10.5
TCTCTGTGCCAGTCTATGAG,ACGAGACAGGGACATTTGGA,60.0/60.0,50.0/50.0,60,60,50.0,50.0,300,-0.05,0,3110,3130,3390,3410,1978.8,2034.5,3776.7,984.4,5861.0,3019.1,10.5,10.0
TCTCTGTGCCAGTCTATGAG,ATGGCCAACTTGGTTTCGCT,60.0/60.0,50.0/50.0,60,60,50.0,50.0,350,-0.05,0,3110,3130,3440,3460,1978.8,2034.5,7157.6,1645.7,4417.5,108.6,10.5,10.0
TCCTGGGATACATGGTGTAC,CTTCTTCTTGTCCTCCGACT,60.0/60.0,50.0/50.0,60,60,50.0,50.0,300,-0.05,0,4340,4360,4620,4640,4090.5,2191.8,2768.0,1484.0,2380.4,769.9,10.5,10.0
TGGATTACATCAAGCACGCG,GCGCCAGCTTAATTCCTACA,60.0/60.0,50.0/50.0,60,60,50.0,50.0,350,-0.05,0,4400,4420,4730,4750,6005.9,6005.9,4691.2,1217.1,4873.6,4873.6,10.5,10.0
TGGATTACATCAAGCACGCG,AAGGTTCACATGAGCGCGAA,60.0/60.0,50.0/50.0,60,60,50.0,50.0,400,-0.05,0,4400,4420,4780,4800,6005.9,6005.9,7309.6,2845.9,6657.7,6657.7,10.5,10.0
GAAGATGGACGCCTTCTACT,GCGAAACCCTATAACCACGT,60.0/60.0,50.0/50.0,60,60,50.0,50.0,200,0.0,0,260,280,440,460,3272.2,116.9,3299.6,2402.1,4233.9,1044.7,10.0,10.0
ATTCTGCCGCTCTGTACAGA,TCTAGAACCATGCGATGGGT,60.0/60.0,50.0/50.0,60,60,50.0,50.0,250,0.0,0,1850,1870,2080,2100,7931.7,7931.7,4616.6,3923.7,4592.4,731.6,10.0,10.0
GATATGTCATGGAAGGGCGA,TGAAGGCCCAAAGAGTCCAT,60.0/60.0,50.0/50.0,60,60,50.0,50.0,350,0.0,0,3470,3490,3800,3820,3162.1,185.5,5148.0,509.8,5216.0,687.5,10.0,10.0
CGTCTGCTGTACATGTTGTC,GCATGGAATCGCCTCTTTTC,60.0/60.0,50.0/50.0,60,60,50.0,50.0,250,0.1,0,2420,2440,2650,2670,5689.2,2220.2,3613.4,818.7,3762.6,148.4,10.5,8.5
TTACGCATGGCAGGTAGTAG,GTGCTAGAGGAAACGACAGG,60.0/62.0,50.0/55.0,60,62,50.0,55.0,350,0.15,2,950,970,1280,1300,4321.5,531.3,3917.0,330.5,3055.2,899.2,10.5,10.5
TTAATGGTCGGGGTCACCTA,TCTGAATGGAGTGCTAGAGG,60.0/60.0,50.0/50.0,60,60,50.0,50.0,300,0.15,0,1010,1030,1290,1310,3735.1,99.5,3917.0,142.8,2721.6,917.2,8.0,10.5
GGGAACTGCCAGTACATATG,CGCAAGATGGAGCTCCAAAC,60.0/62.0,50.0/55.0,60,62,50.0,55.0,200,0.15,2,1520,1540,1700,1720,4371.4,4318.3,11588.2,9556.7,2987.1,958.0,10.5,10.5
GGGAACTGCCAGTACATATG,CGTACGCTGCACAAACTGTG,60.0/62.0,50.0/55.0,60,62,50.0,55.0,400,0.15,2,1520,1540,1900,1920,4371.4,4318.3,5231.5,3260.7,2709.9,477.5,10.5,10.5
TTGTGCGGGTCGTTGATCTG,ACCAACCAACCAACGAGATC,62.0/60.0,55.0/50.0,62,60,55.0,50.0,200,0.15,2,1580,1600,1760,1780,3290.5,761.1,3776.7,2152.1,6243.3,3207.8,10.5,10.5
TTGTGCGGGTCGTTGATCTG,ATTTCATAGGCGTACGCTGC,62.0/60.0,55.0/50.0,62,60,55.0,50.0,350,0.15,2,1580,1600,1910,1930,3290.5,761.1,11106.2,7544.6,4632.6,27.0,10.5,10.5
CCAAAGAAGAGGTACAAAGC,TTTGTCCTTTGCAGCCGTTC,58.0/60.0,45.0/50.0,58,60,45.0,50.0,350,0.15,2,2210,2230,2540,2560,3555.7,1268.4,2961.9,963.4,4079.1,2072.3,10.5,10.5
CGTCTGCTGTACATGTTGTC,AGAGTGGTCTGATCCCTACC,60.0/62.0,50.0/55.0,60,62,50.0,55.0,350,0.15,2,2420,2440,2750,2770,5689.2,2220.2,2804.7,2168.2,1793.2,298.3,10.5,10.5
CCCTGCAGGTTTACTTTGGC,GTTCTTGAGCTGCAAACAGG,62.0/60.0,55.0/50.0,62,60,55.0,50.0,300,0.15,2,4310,4330,4590,4610,9719.9,1993.2,4878.8,2400.6,5425.7,623.6,10.5,10.5
TGGATTACATCAAGCACGCG,TGCAAACAGGGATACATCAC,60.0/58.0,50.0/45.0,60,58,50.0,45.0,200,0.15,2,4400,4420,4580,4600,6005.9,6005.9,2802.1,970.7,2658.9,50.4,10.5,10.5
TGGATTACATCAAGCACGCG,TCCTCTTCCTCTTCTTCTTG,60.0/58.0,50.0/45.0,60,58,50.0,45.0,250,0.15,2,4400,4420,4630,4650,6005.9,6005.9,180.8,180.8,2546.3,491.5,10.5,10.5
TCCTCATCATCATGGTGAGC,AAGAGATCCGGAACGCAGAC,60.0/62.0,50.0/55.0,60,62,50.0,55.0,400,0.15,2,4460,4480,4840,4860,7306.8,1268.4,6272.8,1910.8,3011.0,1761.6,10.5,10.5
GACAGGGAGGAACAACCTTG,ATAACCACGTACGGACCGAA,62.0/60.0,55.0/50.0,62,60,55.0,50.0,250,0.2,2,200,220,430,450,3221.6,3221.6,8545.2,2873.4,2934.9,103.5,10.5,10.0
GTAGTTGCCTGTGTATACGC,GGATTCAGTTCAGGCAGAAT,60.0/58.0,50.0/45.0,60,58,50.0,45.0,250,0.2,2,800,820,1030,1050,4998.9,4998.9,2977.1,2579.9,6311.4,1765.2,10.5,10.0
AACTGAATCCGTTCGTGTCA,TGCAAGCATGCAGTTTCTGG,58.0/60.0,45.0/50.0,58,60,45.0,50.0,400,0.2,2,1040,1060,1420,1440,417.5,903.7,8085.5,2799.4,4061.8,494.5,10.0,10.5
CGTACCAAGCGTCCTTGTCA,TCTGAATGGAGTGCTAGAGG,62.0/60.0,55.0/50.0,62,60,55.0,50.0,150,0.2,2,1160,1180,1290,1310,2287.7,195.1,3917.0,142.8,3341.9,1473.3,10.0,10.5
CCTGTCGTTTCCTCTAGCAC,CAGTTTCTGGCAAGGGTTCA,62.0/60.0,55.0/50.0,62,60,55.0,50.0,150,0.2,2,1280,1300,1410,1430,2833.4,148.4,2527.5,352.4,2267.1,729.8,10.5,10.0
CATGCTTGCATGTCGTAGTT,ACCAACCAACCAACGAGATC,58.0/60.0,45.0/50.0,58,60,45.0,50.0,350,0.2,2,1430,1450,1760,1780,7136.4,382.9,3776.7,2152.1,3263.8,2493.3,10.0,10.5
GGGAACTGCCAGTACATATG,CACTAACAAACAGCACAGCA,60.0/58.0,50.0/45.0,60,58,50.0,45.0,150,0.2,2,1520,1540,1650,1670,4371.4,4318.3,2833.4,1549.6,2723.2,936.8,10.5,10.0
GGGAACTGCCAGTACATATG,ATCACCACAGCAGGTCAGCA,60.0/62.0,50.0/55.0,60,62,50.0,55.0,300,0.2,2,1520,1540,1800,1820,4371.4,4318.3,2833.4,1706.8,5944.5,2953.8,10.5,10.0
GTTTGGAGCTCCATCTTGCG,TCTAGAACCATGCGATGGGT,62.0/60.0,55.0/50.0,62,60,55.0,50.0,400,0.2,2,1700,1720,2080,2100,10952.9,1518.8,4616.6,3923.7,4637.6,1937.0,10.5,10.0
GATCTCGTTGGTTGGTTGGT,ACAAACTGTGACCCGTCGTC,60.0/62.0,50.0/55.0,60,62,50.0,55.0,150,0.2,2,1760,1780,1890,1910,2050.6,598.2,2628.4,821.6,2896.7,2395.2,10.0,10.5
GATCTCGTTGGTTGGTTGGT,CCTAGTCCATCGCGAGAAAC,60.0/62.0,50.0/55.0,60,62,50.0,55.0,400,0.2,2,1760,1780,2140,2160,2050.6,598.2,7296.0,5242.1,4739.1,276.2,10.0,10.5
ATTCTGCCGCTCTGTACAGA,TGAATCGTCCTCGAGCCTTC,60.0/62.0,50.0/55.0,60,62,50.0,55.0,400,0.2,2,1850,1870,2230,2250,7931.7,7931.7,5755.8,2923.5,3757.7,919.1,10.0,10.5
GCAGCGTACGCCTATGAAAT,CCTAGTCCATCGCGAGAAAC,60.0/62.0,50.0/55.0,60,62,50.0,55.0,250,0.2,2,1910,1930,2140,2160,10778.8,5663.8,7296.0,5242.1,4631.4,1242.2,10.0,10.5
TGGTTCTAGAGTGGTCTGAT,AAGTAAATCGTCAGCCAGGC,58.0/60.0,45.0/50.0,58,60,45.0,50.0,300,0.2,2,2090,2110,2370,2390,2907.4,200.4,5579.1,5579.1,3370.1,130.6,10.0,10.5
TGGTTCTAGAGTGGTCTGAT,GACAACATGTACAGCAGACG,58.0/60.0,45.0/50.0,58,60,45.0,50.0,350,0.2,2,2090,2110,2420,2440,2907.4,200.4,4736.2,1995.8,4915.6,3290.7,10.0,10.5
GTTCCAACCAGCATGGATAG,TCAGCCAGGCACAAGTTGGA,60.0/62.0,50.0/55.0,60,62,50.0,55.0,200,0.2,2,2180,2200,2360,2380,4357.8,475.2,7144.1,1538.3,7074.8,3397.9,10.5,10.0
GTTCCAACCAGCATGGATAG,ACTCGTGTGTTTAAGGCTGA,60.0/58.0,50.0/45.0,60,58,50.0,45.0,400,0.2,2,2180,2200,2560,2580,4357.8,475.2,3308.1,1326.1,5116.0,1004.3,10.5,10.0
ATACAAGAAGCCGACAAGGC,ACTCGTGTGTTTAAGGCTGA,60.0/58.0,50.0/45.0,60,58,50.0,45.0,250,0.2,2,2330,2350,2560,2580,3872.4,3872.4,3308.1,1326.1,3914.1,2271.7,10.5,10.0
TCCAACTTGTGCCTGGCTGA,TTTGTCCTTTGCAGCCGTTC,62.0/60.0,55.0/50.0,62,60,55.0,50.0,200,0.2,2,2360,2380,2540,2560,7721.9,3824.5,2961.9,963.4,6309.2,1724.6,10.0,10.5
GGTAGGGATCAGACCACTCT,AAGAAGGCGAGACAAACCTC,62.0/60.0,55.0/50.0,62,60,55.0,50.0,400,0.2,2,2750,2770,3130,3150,3558.9,1701.0,3299.6,1939.2,3041.8,637.8,10.0,10.5
TAGGAAGCTGATCACGATCA,AAGAAGGCGAGACAAACCTC,58.0/60.0,45.0/50.0,58,60,45.0,50.0,250,0.2,2,2900,2920,3130,3150,4176.6,4176.6,3299.6,1939.2,3505.9,1722.9,10.0,10.5
TAGGAAGCTGATCACGATCA,ATCAACAAAGTCAGCGCACC,58.0/60.0,45.0/50.0,58,60,45.0,50.0,350,0.2,2,2900,2920,3230,3250,4176.6,4176.6,6843.5,3132.2,4650.7,300.9,10.0,10.5
TCTCTGTGCCAGTCTATGAG,TGGGTCAAAGTCTATGGCAA,60.0/58.0,50.0/45.0,60,58,50.0,45.0,250,0.2,2,3110,3130,3340,3360,1978.8,2034.5,3854.7,944.8,5234.6,1194.2,10.5,10.0
TCGCCTTCTTCTCCTGACCT,TCGCCCTTCCATGACATATC,62.0/60.0,55.0/50.0,62,60,55.0,50.0,350,0.2,2,3140,3160,3470,3490,1428.9,1484.0,4010.0,335.1,1471.6,1044.7,10.0,10.5
TTGTGAACAGAGGAAGAGGT,TGGCACCTACACAACCTAAC,58.0/60.0,45.0/50.0,58,60,45.0,50.0,350,0.2,2,3260,3280,3590,3610,1574.2,533.6,2451.3,74.8,4473.1,2442.7,10.0,10.5
AGCGAAACCAAGTTGGCCAT,GGCCCAGGTACAAACTGTTG,60.0/62.0,50.0/55.0,60,62,50.0,55.0,300,0.2,2,3440,3460,3720,3740,7922.9,4489.1,3951.0,1006.7,5048.5,1555.0,10.0,10.5
GATATGTCATGGAAGGGCGA,AAGCAGAATTTGGCACCTAC,60.0/58.0,50.0/45.0,60,58,50.0,45.0,150,0.2,2,3470,3490,3600,3620,3162.1,185.5,2580.1,114.2,2669.6,1214.6,10.0,10.5
GTTAGGTTGTGTAGGTGCCA,GGCCCAGGTACAAACTGTTG,60.0/62.0,50.0/55.0,60,62,50.0,55.0,150,0.2,2,3590,3610,3720,3740,2086.3,67.8,3951.0,1006.7,4040.8,690.1,10.0,10.5
GTTGCTCTGTGTTACCAGTA,ATGTAATCCATGTCGCCGTG,58.0/60.0,45.0/50.0,58,60,45.0,50.0,400,0.2,2,4010,4030,4390,4410,935.1,535.8,2903.2,847.1,1963.4,364.5,10.0,10.5
CTCCTCTGGCAGCTTCATGT,GATACATCACCGTTCAGCAC,62.0/60.0,55.0/50.0,62,60,55.0,50.0,400,0.2,2,4190,4210,4570,4590,6184.7,1309.3,2833.4,330.3,2814.0,2111.9,10.0,10.5
TCCTGGGATACATGGTGTAC,GATGGTATCTACGATGTGCA,60.0/58.0,50.0/45.0,60,58,50.0,45.0,350,0.2,2,4340,4360,4670,4690,4090.5,2191.8,3776.7,2484.4,4216.7,2112.9,10.5,10.0
TCCTCATCATCATGGTGAGC,GTTCAGGACCTCCTCTTCCT,60.0/62.0,50.0/55.0,60,62,50.0,55.0,200,0.2,2,4460,4480,4640,4660,7306.8,1268.4,3491.1,2135.2,3121.5,480.1,10.5,10.0
TCCTCATCATCATGGTGAGC,CCAAGTTACTGCGCCAGCTT,60.0/62.0,50.0/55.0,60,62,50.0,55.0,300,0.2,2,4460,4480,4740,4760,7306.8,1268.4,5931.1,3330.8,3965.1,2407.4,10.5,10.0
CCAAAGAAGAGGTACAAAGCG,ATTCCGAAGCAGATCTCCAAG,62.0/62.0,47.6/47.6,62,62,47.6,47.6,250,0.244,0,2210,2231,2439,2460,3555.7,1518.8,3616.3,686.6,2196.5,2143.4,10.5,10.5
AGGCCACCACCACCCTATAT,ATAACCACGTACGGACCGAA,62.0/60.0,55.0/50.0,62,60,55.0,50.0,400,0.25,2,50,70,430,450,6103.2,1066.6,8545.2,2873.4,2645.6,305.6,10.0,10.0
CGGTTTCGAAATCCATCCAT,GCGAAACCCTATAACCACGT,58.0/60.0,45.0/50.0,58,60,45.0,50.0,350,0.25,2,110,130,440,460,6581.6,782.3,3299.6,2402.1,7924.5,774.4,10.0,10.0
CCTCAAGAACTTCCGCGAGA,ACCTAAATCCGGCGCGAAAT,62.0/60.0,55.0/50.0,62,60,55.0,50.0,300,0.25,2,320,340,600,620,6778.0,4094.2,7309.6,2476.4,7043.8,4305.6,10.0,10.0
CGTACCAAGCGTCCTTGTCA,TGCGCGAAACCCTAGAACTA,62.0/60.0,55.0/50.0,62,60,55.0,50.0,400,0.25,2,1160,1180,1540,1560,2287.7,195.1,7309.6,1421.5,3710.1,68.4,10.0,10.0
GATCTCGTTGGTTGGTTGGT,ATCAGACCACTCTAGAACCA,60.0/58.0,50.0/45.0,60,58,50.0,45.0,350,0.25,2,1760,1780,2090,2110,2050.6,598.2,3197.3,1533.8,3981.9,2827.8,10.0,10.0
ATTCTGCCGCTCTGTACAGA,CGCGAGAAACAAATCAGAGA,60.0/58.0,50.0/45.0,60,58,50.0,45.0,300,0.25,2,1850,1870,2130,2150,7931.7,7931.7,5793.8,1017.6,5212.4,1185.8,10.0,10.0
GCAGCGTACGCCTATGAAAT,ATCAGACCACTCTAGAACCA,60.0/58.0,50.0/45.0,60,58,50.0,45.0,200,0.25,2,1910,1930,2090,2110,10778.8,5663.8,3197.3,1533.8,1581.9,879.0,10.0,10.0
GTGACTCATTTCTGCTGGGT,ACATCCAGGCGATGGTTCCA,60.0/62.0,50.0/55.0,60,62,50.0,55.0,150,0.25,2,2960,2980,3090,3110,2175.0,1439.3,3452.8,2659.5,4257.2,2809.7,10.0,10.0
GTGACTCATTTCTGCTGGGT,AGGTCAGGAGAAGAAGGCGA,60.0/62.0,50.0/55.0,60,62,50.0,55.0,200,0.25,2,2960,2980,3140,3160,2175.0,1439.3,3299.6,185.5,4920.0,540.7,10.0,10.0
GTGACTCATTTCTGCTGGGT,TGGGTCAAAGTCTATGGCAA,60.0/58.0,50.0/45.0,60,58,50.0,45.0,400,0.25,2,2960,2980,3340,3360,2175.0,1439.3,3854.7,944.8,3412.9,806.2,10.0,10.0
TTGTGAACAGAGGAAGAGGT,ACGAGACAGGGACATTTGGA,58.0/60.0,45.0/50.0,58,60,45.0,50.0,150,0.25,2,3260,3280,3390,3410,1574.2,533.6,3776.7,984.4,1909.5,1137.4,10.0,10.0
TTGTGAACAGAGGAAGAGGT,ATGGCCAACTTGGTTTCGCT,58.0/60.0,45.0/50.0,58,60,45.0,50.0,200,0.25,2,3260,3280,3440,3460,1574.2,533.6,7157.6,1645.7,2861.6,298.8,10.0,10.0
AGCGAAACCAAGTTGGCCAT,ATAGTGGCCCATCCAAAGAA,60.0/58.0,50.0/45.0,60,58,50.0,45.0,250,0.25,2,3440,3460,3670,3690,7922.9,4489.1,5190.8,345.7,6057.1,2851.5,10.0,10.0
ATGGACTCTTTGGGCCTTCA,GACAAACCCTGTCACGAGGA,60.0/62.0,50.0/55.0,60,62,50.0,55.0,250,0.25,2,3800,3820,4030,4050,5643.5,2521.8,3776.7,1204.8,3635.1,263.1,10.0,10.0
GTTGCTCTGTGTTACCAGTA,ATCTCTGTTGTGTGGTGGGA,58.0/60.0,45.0/50.0,58,60,45.0,50.0,250,0.25,2,4010,4030,4240,4260,935.1,535.8,855.5,855.5,3702.3,655.0,10.0,10.0
GTTGCTCTGTGTTACCAGTA,GTACACCATGTATCCCAGGA,58.0/60.0,45.0/50.0,58,60,45.0,50.0,350,0.25,2,4010,4030,4340,4360,935.1,535.8,3068.6,2398.2,3705.1,1013.4,10.0,10.0
ACACACACACACTGTGAAGA,CGCGTGCTTGATGTAATCCA,58.0/60.0,45.0/50.0,58,60,45.0,50.0,200,0.25,2,4220,4240,4400,4420,6488.4,1497.0,4687.1,621.2,2815.3,540.0,10.0,10.0
GAAGATGGACGCCTTCTAC,GCGAAACCCTATAACCACG,58.0/58.0,52.6/52.6,58,58,52.6,52.6,200,0.256,0,260,279,441,460,3272.2,517.5,3299.6,2647.7,4233.9,228.2,10.5,10.5
GATATGTCATGGAAGGGCG,CAAACACAGGGTCCAAACC,58.0/58.0,52.6/52.6,58,58,52.6,52.6,300,0.256,0,3470,3489,3751,3770,3162.1,1518.8,2902.1,1914.9,3172.2,391.7,10.5,10.5
AACTGAATCCGTTCGTGTCAC,AAACGACAGGATTAACAGCAC,62.0/60.0,47.6/42.9,62,60,47.6,42.9,250,0.285,2,1040,1061,1269,1290,2699.0,2699.0,3776.7,438.4,5330.3,1208.1,10.5,10.5
TTTACCTGACCCTATGCTTTG,GACAAACCTCCTCATAGACTG,60.0/62.0,42.9/47.6,60,62,42.9,47.6,150,0.285,2,2990,3011,3119,3140,2406.7,229.4,1988.6,462.0,3568.4,1126.7,10.5,10.5
CTCAATGCTCATCTTCGTTTC,TATCCCAGGAAGATCAACAGG,60.0/62.0,42.9/47.6,60,62,42.9,47.6,400,0.285,2,3950,3971,4329,4350,2406.7,634.9,3717.1,1019.5,3490.3,315.0,10.5,10.5
CGGTTTCGAAATCCATCCATC,GCGAAACCCTATAACCACGTA,62.0/62.0,47.6/47.6,62,62,47.6,47.6,350,0.294,0,110,131,439,460,6581.6,2226.2,3342.3,95.6,7924.5,1585.9,10.5,10.0
GGGAACTGCCAGTACATATGT,CACTAACAAACAGCACAGCAC,62.0/62.0,47.6/47.6,62,62,47.6,47.6,150,0.294,0,1520,1541,1649,1670,6118.6,6118.6,2833.4,203.9,2723.2,1139.9,10.0,10.5
ATTCTGCCGCTCTGTACAGAA,CGCGAGAAACAAATCAGAGAG,62.0/62.0,47.6/47.6,62,62,47.6,47.6,300,0.294,0,1850,1871,2129,2150,8249.3,4477.5,5793.8,409.6,5212.4,987.3,10.0,10.5
TGGTTCTAGAGTGGTCTGATC,AAGTAAATCGTCAGCCAGGCA,62.0/62.0,47.6/47.6,62,62,47.6,47.6,300,0.294,0,2090,2111,2369,2390,2907.4,2195.0,7144.1,2692.9,3370.1,416.4,10.5,10.0
TAGGAAGCTGATCACGATCAC,ATCAACAAAGTCAGCGCACCA,62.0/62.0,47.6/47.6,62,62,47.6,47.6,350,0.294,0,2900,2921,3229,3250,4040.5,1960.6,6843.5,2189.7,4817.1,678.8,10.5,10.0
GTGACTCATTTCTGCTGGGTT,TGGGTCAAAGTCTATGGCAAG,62.0/62.0,47.6/47.6,62,62,47.6,47.6,400,0.294,0,2960,2981,3339,3360,2175.0,1111.3,3854.7,1749.8,3412.9,1494.9,10.0,10.5
TCCCCCCGCTTGATTATTAG,ATTTCATAGGCGTACGCTGC,60.0/60.0,50.0/50.0,60,60,50.0,50.0,200,0.3,0,1730,1750,1910,1930,1785.3,846.4,11106.2,7544.6,3938.4,1004.3,6.5,10.5
TCCTTTTTTCCCCTCACGAG,CTATCCATGCTGGTTGGAAC,60.0/60.0,50.0/50.0,60,60,50.0,50.0,200,0.3,0,2000,2020,2180,2200,3776.7,1831.3,2536.7,1659.9,2847.8,1134.4,6.5,10.5
CCTGTCGTTTCCTCTAGCA,CAGTTTCTGGCAAGGGTTC,58.0/58.0,52.6/52.6,58,58,52.6,52.6,150,0.306,0,1280,1299,1411,1430,2833.4,401.7,2527.5,1418.8,2267.1,490.9,10.0,10.5
CCTGTCGTTTCCTCTAGCA,GGCAGTTCCCGAAATTCAG,58.0/58.0,52.6/52.6,58,58,52.6,52.6,250,0.306,0,1280,1299,1511,1530,2833.4,401.7,2563.3,232.0,2754.3,1217.1,10.0,10.5
CCTGTCGTTTCCTCTAGCA,AAATTCACAGTCGCGTCGC,58.0/58.0,52.6/52.6,58,58,52.6,52.6,300,0.306,0,1280,1299,1561,1580,2833.4,401.7,5667.0,5667.0,2717.9,1217.1,10.0,10.5
GATCTCGTTGGTTGGTTGG,ACAAACTGTGACCCGTCGT,58.0/58.0,52.6/52.6,58,58,52.6,52.6,150,0.306,0,1760,1779,1891,1910,2050.6,281.4,2628.4,449.6,2896.7,1265.4,10.5,10.0
ATTCTGCCGCTCTGTACAG,TGAATCGTCCTCGAGCCTT,58.0/58.0,52.6/52.6,58,58,52.6,52.6,400,0.306,0,1850,1869,2231,2250,6911.1,6911.1,5755.8,1725.8,3757.7,66.0,10.5,10.0
GATATGTCATGGAAGGGCG,TGAAGGCCCAAAGAGTCCA,58.0/58.0,52.6/52.6,58,58,52.6,52.6,350,0.306,0,3470,3489,3801,3820,3162.1,1518.8,5148.0,621.2,5216.0,636.1,10.5,10.0
GTTAGGTTGTGTAGGTGCC,GGCCCAGGTACAAACTGTT,58.0/58.0,52.6/52.6,58,58,52.6,52.6,150,0.306,0,3590,3609,3721,3740,1921.0,1360.5,3951.0,2080.6,4900.5,3258.3,10.5,10.0
GGTAGGGATCAGACCACTC,CAATGTGCAGGTAAGCACC,60.0/58.0,57.9/52.6,60,58,57.9,52.6,300,0.315,2,2750,2769,3031,3050,3558.9,568.7,5583.9,1576.3,2789.9,181.3,10.5,10.5
TCGCCTTCTTCTCCTGACC,GCTCAATCAGAGGTCCAAC,60.0/58.0,57.9/52.6,60,58,57.9,52.6,200,0.315,2,3140,3159,3321,3340,1428.9,34.6,3060.4,590.1,3571.5,3571.5,10.5,10.5
ATGGACTCTTTGGGCCTTC,GACAAACCCTGTCACGAGG,58.0/60.0,52.6/57.9,58,60,52.6,57.9,250,0.315,2,3800,3819,4031,4050,5643.5,1935.2,3776.7,2280.2,3635.1,130.8,10.5,10.5
CCCTGCAGGTTTACTTTGG,GTTCAGGACCTCCTCTTCC,58.0/60.0,52.6/57.9,58,60,52.6,57.9,350,0.315,2,4310,4329,4641,4660,9719.9,4600.6,3491.1,1699.9,4122.8,1831.2,10.5,10.5
CTGTGAAATAGCTGTGATTGG,GGTACACAAATTCAGCATCAC,60.0/60.0,42.9/42.9,60,60,42.9,42.9,350,0.326,0,3500,3521,3829,3850,4499.8,142.8,3555.7,221.2,3695.8,2551.5,10.5,10.5
GTAGGCGTTGATTTCCCTAGT,GTCATAATTGTGACACGAACG,62.0/60.0,47.6/42.9,62,60,47.6,42.9,300,0.335,2,770,791,1049,1070,2278.6,579.7,7826.1,2886.2,3869.2,1216.5,10.0,10.5
GTAGGCGTTGATTTCCCTAGT,CAACTGTTGGTTGAAGAAACG,62.0/60.0,47.6/42.9,62,60,47.6,42.9,350,0.335,2,770,791,1099,1120,2278.6,579.7,5586.1,1995.8,3383.1,1445.9,10.0,10.5
AACTGAATCCGTTCGTGTCAC,GAGGAAACGACAGGATTAACA,62.0/60.0,47.6/42.9,62,60,47.6,42.9,200,0.335,2,1040,1061,1219,1240,2699.0,2699.0,3776.7,1217.1,6310.9,3262.5,10.5,10.0
ATGCTACTTGACTGGGCATAG,CTAGAGCACCTCATTCATGAA,62.0/60.0,47.6/42.9,62,60,47.6,42.9,150,0.335,2,1340,1361,1469,1490,3476.7,1305.6,6097.0,6097.0,3475.4,737.4,10.5,10.0
CATGCTTGCATGTCGTAGTTA,TCCAAGACTAATCACCACAGC,60.0/62.0,42.9/47.6,60,62,42.9,47.6,400,0.335,2,1430,1451,1809,1830,7136.4,625.0,1498.8,1268.4,3523.3,1107.9,10.0,10.5
ATTCTGCCGCTCTGTACAGAA,AAGGAAATCAGAGAGAACTGC,62.0/60.0,47.6/42.9,62,60,47.6,42.9,150,0.335,2,1850,1871,1979,2000,8249.3,4477.5,2992.2,1311.2,5212.4,987.3,10.0,10.5
TAGGAAGCTGATCACGATCAC,TTGTGAATTTCTACCCGTGCA,62.0/60.0,47.6/42.9,62,60,47.6,42.9,300,0.335,2,2900,2921,3179,3200,4040.5,1960.6,2761.4,2484.4,4624.5,2941.4,10.5,10.0
GAAGTTGTCGTCCTGGAAATG,TCTATGGCAAGCTCAATCAGA,62.0/60.0,47.6/42.9,62,60,47.6,42.9,150,0.335,2,3200,3221,3329,3350,4502.0,1799.1,3854.7,346.1,2820.6,698.3,10.5,10.0
CTTTGACCCAAGGTAAAGACG,AGGGTCTCAGGAGAACAATAA,62.0/60.0,47.6/42.9,62,60,47.6,42.9,300,0.335,2,3350,3371,3629,3650,968.5,1995.8,5736.0,883.5,6231.8,120.3,10.5,10.0
CTTTGACCCAAGGTAAAGACG,AAGACTAATCATAGTGGCCCA,62.0/60.0,47.6/42.9,62,60,47.6,42.9,350,0.335,2,3350,3371,3679,3700,968.5,1995.8,5190.8,1842.6,2070.0,114.5,10.5,10.0
AACTGAATCCGTTCGTGTCAC,TGCAAGCATGCAGTTTCTGGC,62.0/64.0,47.6/52.4,62,64,47.6,52.4,400,0.344,2,1040,1061,1419,1440,2699.0,2699.0,8085.5,4700.7,4061.8,158.0,10.5,10.5
ATGCTACTTGACTGGGCATAG,CATATGTACTGGCAGTTCCCG,62.0/64.0,47.6/52.4,62,64,47.6,52.4,200,0.344,2,1340,1361,1519,1540,3476.7,1305.6,9203.0,3759.8,3336.7,1338.7,10.5,10.5
GGGAACTGCCAGTACATATGT,TCTGTACAGAGCGGCAGAATT,62.0/62.0,47.6/47.6,62,62,47.6,47.6,350,0.344,0,1520,1541,1849,1870,6118.6,6118.6,7795.6,1442.7,6386.2,3965.4,10.0,10.0
ATTCTGCCGCTCTGTACAGAA,TCTAGAACCATGCGATGGGTT,62.0/62.0,47.6/47.6,62,62,47.6,47.6,250,0.344,0,1850,1871,2079,2100,8249.3,4477.5,4616.6,3579.3,4592.4,644.1,10.0,10.0
TGGTTCTAGAGTGGTCTGATC,GACAACATGTACAGCAGACGG,62.0/64.0,47.6/52.4,62,64,47.6,52.4,350,0.344,2,2090,2111,2419,2440,2907.4,2195.0,4736.2,457.8,4915.6,619.1,10.5,10.5
CCAAAGAAGAGGTACAAAGCG,TTTGTCCTTTGCAGCCGTTCC,62.0/64.0,47.6/52.4,62,64,47.6,52.4,350,0.344,2,2210,2231,2539,2560,3555.7,1518.8,2961.9,518.8,4079.1,1457.4,10.5,10.5
TAGGAAGCTGATCACGATCAC,AAGAAGGCGAGACAAACCTCC,62.0/64.0,47.6/52.4,62,64,47.6,52.4,250,0.344,2,2900,2921,3129,3150,4040.5,1960.6,3299.6,978.5,3505.9,517.5,10.5,10.5
TCTCTGTGCCAGTCTATGAGG,TGGGTCAAAGTCTATGGCAAG,64.0/62.0,52.4/47.6,64,62,52.4,47.6,250,0.344,2,3110,3131,3339,3360,1978.8,1806.0,3854.7,1749.8,5234.6,745.4,10.5,10.5
AGCGAAACCAAGTTGGCCATG,ATAGTGGCCCATCCAAAGAAC,64.0/62.0,52.4/47.6,64,62,52.4,47.6,250,0.344,2,3440,3461,3669,3690,7922.9,4530.9,5190.8,1572.3,6057.1,1515.9,10.5,10.5
TCCTGGGATACATGGTGTACG,GATGGTATCTACGATGTGCAG,64.0/62.0,52.4/47.6,64,62,52.4,47.6,350,0.344,2,4340,4361,4669,4690,4090.5,1995.8,3776.7,538.8,4216.7,2886.2,10.5,10.5
TGGATTACATCAAGCACGCGC,TGCAAACAGGGATACATCACC,64.0/62.0,52.4/47.6,64,62,52.4,47.6,200,0.344,2,4400,4421,4579,4600,6343.8,4699.8,2802.1,2073.3,2658.9,1783.0,10.5,10.5
TTCCCCGGCTGGATTATCAG,GCGTATACACAGGCAACTAC,62.0/60.0,55.0/50.0,62,60,55.0,50.0,200,0.35,2,620,640,800,820,7300.1,2519.6,4215.9,287.7,4913.0,222.7,8.5,10.5
GTAGGCGTTGATTTCCCTAG,GCTTGGTACGAACGTGTAAA,60.0/58.0,50.0/45.0,60,58,50.0,45.0,400,0.35,2,770,790,1150,1170,2226.9,1604.5,4986.2,1348.9,4206.2,1059.9,10.5,8.5
GATATCGTTGGCTTGGGAAA,TGCAAGCATGCAGTTTCTGG,58.0/60.0,45.0/50.0,58,60,45.0,50.0,250,0.35,2,1190,1210,1420,1440,2035.6,597.0,8085.5,2799.4,5739.3,1804.0,8.5,10.5
ATGCTACTTGACTGGGCATA,CATATGTACTGGCAGTTCCC,58.0/60.0,45.0/50.0,58,60,45.0,50.0,200,0.35,2,1340,1360,1520,1540,3476.7,364.5,9203.0,5490.0,3336.7,1957.0,10.0,9.0
CTTTGGGAGTTGCTGACCTG,TGGTTGGAACGGCTGAAAAG,62.0/60.0,55.0/50.0,62,60,55.0,50.0,400,0.35,2,1790,1810,2170,2190,2621.0,178.7,5038.9,425.0,3722.8,286.6,10.5,8.5
TCCTTTTTTCCCCTCACGAG,GCCTTGTCGGCTTCTTGTAT,60.0/60.0,50.0/50.0,60,60,50.0,50.0,350,0.35,0,2000,2020,2330,2350,3776.7,1831.3,2610.4,14.0,2936.0,1349.3,6.5,10.0
CCAAAGAAGAGGTACAAAGC,TTTTCATTCGGCCTTGTCGG,58.0/60.0,45.0/50.0,58,60,45.0,50.0,150,0.35,2,2210,2230,2340,2360,3555.7,1268.4,5055.1,1125.9,2944.1,2944.1,10.5,8.5
GATATGTCATGGAAGGGCGA,CAAACACAGGGTCCAAACCC,60.0/62.0,50.0/55.0,60,62,50.0,55.0,300,0.35,2,3470,3490,3750,3770,3162.1,185.5,4354.6,4354.6,3172.2,612.7,10.0,9.0
TAAGCAGCGGAAGAAGAAG,TCTCGCGGAAGTTCTTGAG,56.0/58.0,47.4/52.6,56,58,47.4,52.6,200,0.356,2,140,159,321,340,2767.1,171.1,6104.4,3252.1,4435.8,1594.1,10.5,10.5
GACAGGGAGGAACAACCTT,ATAACCACGTACGGACCGA,58.0/58.0,52.6/52.6,58,58,52.6,52.6,250,0.356,0,200,219,431,450,3148.2,898.8,8545.2,3722.1,2934.9,967.9,10.0,10.0
GATCTCGTTGGTTGGTTGG,ATCAGACCACTCTAGAACC,58.0/56.0,52.6/47.4,58,56,52.6,47.4,350,0.356,2,1760,1779,2091,2110,2050.6,281.4,3197.3,984.4,3395.3,2242.8,10.5,10.5
ATTCTGCCGCTCTGTACAG,CGCGAGAAACAAATCAGAG,58.0/56.0,52.6/47.4,58,56,52.6,47.4,300,0.356,2,1850,1869,2131,2150,6911.1,6911.1,5793.8,409.6,4322.0,1177.1,10.5,10.5
TAGGAAGCTGATCACGATC,CAATGTGCAGGTAAGCACC,56.0/58.0,47.4/52.6,56,58,47.4,52.6,150,0.356,2,2900,2919,3031,3050,3368.1,2867.3,5583.9,1576.3,3586.9,323.7,10.5,10.5
TTGTGAACAGAGGAAGAGG,ACGAGACAGGGACATTTGG,56.0/58.0,47.4/52.6,56,58,47.4,52.6,150,0.356,2,3260,3279,3391,3410,1574.2,330.5,3776.7,330.5,1909.5,330.5,10.5,10.5
TTGTGAACAGAGGAAGAGG,ATGGCCAACTTGGTTTCGC,56.0/58.0,47.4/52.6,56,58,47.4,52.6,200,0.356,2,3260,3279,3441,3460,1574.2,330.5,7157.6,1194.3,2861.6,1679.8,10.5,10.5
GGTTGGACCTCTGATTGAG,ATCAAACGTCATGGCCAAC,58.0/56.0,52.6/47.4,58,56,52.6,47.4,150,0.356,2,3320,3339,3451,3470,3165.3,1907.2,7157.6,4871.7,5048.0,794.9,10.5,10.5
AGCGAAACCAAGTTGGCCA,GGCCCAGGTACAAACTGTT,58.0/58.0,52.6/52.6,58,58,52.6,52.6,300,0.356,0,3440,3459,3721,3740,7922.9,5754.2,3951.0,2080.6,5048.5,135.9,10.0,10.0
ACACACACACACTGTGAAG,CGCGTGCTTGATGTAATCC,56.0/58.0,47.4/52.6,56,58,47.4,52.6,200,0.356,2,4220,4239,4401,4420,6488.4,3910.3,4687.1,34.6,2815.3,1732.6,10.5,10.5
CCCTGCAGGTTTACTTTGG,GTTCTTGAGCTGCAAACAG,58.0/56.0,52.6/47.4,58,56,52.6,47.4,300,0.356,2,4310,4329,4591,4610,9719.9,4600.6,4878.8,2315.7,5425.7,169.0,10.5,10.5
TGGATTACATCAAGCACGC,GCGCCAGCTTAATTCCTAC,56.0/58.0,47.4/52.6,56,58,47.4,52.6,350,0.356,2,4400,4419,4731,4750,2833.4,1761.6,4691.2,203.9,3995.4,3995.4,10.5,10.5
GAAGATGGACGCCTTCTAC,GCATCGGAGGGAGAGAAGA,58.0/60.0,52.6/57.9,58,60,52.6,57.9,150,0.365,2,260,279,391,410,3272.2,517.5,2320.4,209.5,4027.6,1937.8,10.5,10.0
CCTCAAGAACTTCCGCGAG,CGCAGCTAACCAACGAGAT,60.0/58.0,57.9/52.6,60,58,57.9,52.6,350,0.365,2,320,339,651,670,6778.0,4332.7,3776.7,744.6,4024.3,455.6,10.5,10.0
TTGGAGCTCGATTTCGCGC,CTGAACAGAGCGGCAGAAT,60.0/58.0,57.9/52.6,60,58,57.9,52.6,150,0.365,2,590,609,721,740,5489.6,4049.1,4989.0,701.0,3689.1,3689.1,10.5,10.0
CGTACCAAGCGTCCTTGTC,TGCGCGAAACCCTAGAACT,60.0/58.0,57.9/52.6,60,58,57.9,52.6,400,0.365,2,1160,1179,1541,1560,2287.7,1217.4,7309.6,1649.8,3710.1,227.6,10.5,10.0
GATGCGTGTCTGAACCCTT,CCGACAACATTGCAACCGC,58.0/60.0,52.6/57.9,58,60,52.6,57.9,250,0.365,2,1400,1419,1631,1650,2533.7,662.5,5370.4,1783.0,2826.1,2062.0,10.0,10.5
TTGTGCGGGTCGTTGATCT,CACAATCCGGCGCAAGATG,58.0/60.0,52.6/57.9,58,60,52.6,57.9,150,0.365,2,1580,1599,1711,1730,3290.5,1138.0,6685.2,3859.2,5707.4,1894.6,10.0,10.5
GTTTGGAGCTCCATCTTGC,ACCCGTCGTCAGGTAGCAT,58.0/60.0,52.6/57.9,58,60,52.6,57.9,200,0.365,2,1700,1719,1881,1900,10952.9,6226.8,3315.1,1030.0,3404.4,2260.4,10.5,10.0
GAACGGCTGCAAAGGACAA,AAGTACTAGCTGCCCAGCC,58.0/60.0,52.6/57.9,58,60,52.6,57.9,300,0.365,2,2540,2559,2821,2840,4720.5,1418.6,6071.8,2273.8,5753.2,244.4,10.0,10.5
CTCCTCTGGCAGCTTCATG,AAGTCGGTGAAGAGGGTGA,60.0/58.0,57.9/52.6,60,58,57.9,52.6,250,0.365,2,4190,4209,4421,4440,6184.7,2483.7,2094.3,311.9,4973.0,2505.7,10.5,10.0
AGATCATCGAGAGGGCGCA,GATGACACACGTTCAGGAC,60.0/58.0,57.9/52.6,60,58,57.9,52.6,300,0.365,2,4370,4389,4651,4670,6685.2,1916.1,3057.7,370.6,2783.1,1429.8,10.0,10.5
TCCAACTTGTGCCTGGCTG,GGTCCACAGAGAAGAAGGC,60.0/60.0,57.9/57.9,60,60,57.9,57.9,150,0.374,0,2360,2379,2491,2510,7721.9,4561.3,1863.4,1235.3,3961.1,3037.1,10.5,10.5
GGTAGGGATCAGACCACTC,GATGGTTCCAACACACGCG,60.0/60.0,57.9/57.9,60,60,57.9,57.9,350,0.374,0,2750,2769,3081,3100,3558.9,568.7,6005.9,6005.9,3302.2,544.3,10.5,10.5
TCGCCTTCTTCTCCTGACC,AGCAGCCCAAACCTCTTCC,60.0/60.0,57.9/57.9,60,60,57.9,57.9,150,0.374,0,3140,3159,3271,3290,1428.9,34.6,2919.0,708.3,2701.8,708.3,10.5,10.5
CATGCTTGCATGTCGTAGTTA,AACCATCCAGCACTAACAAAC,60.0/60.0,42.9/42.9,60,60,42.9,42.9,250,0.376,0,1430,1451,1659,1680,7136.4,625.0,2833.4,203.9,3260.9,1903.0,10.0,10.5
CTGTGAAATAGCTGTGATTGG,AGGGTCTCAGGAGAACAATAA,60.0/60.0,42.9/42.9,60,60,42.9,42.9,150,0.376,0,3500,3521,3629,3650,4499.8,142.8,5736.0,883.5,2724.0,330.5,10.5,10.0
CTGTGAAATAGCTGTGATTGG,AAGACTAATCATAGTGGCCCA,60.0/60.0,42.9/42.9,60,60,42.9,42.9,200,0.376,0,3500,3521,3679,3700,4499.8,142.8,5190.8,1842.6,4536.1,4110.5,10.5,10.0
CTGTGAAATAGCTGTGATTGG,GATCAGGCCCAAAGTTCAATA,60.0/60.0,42.9/42.9,60,60,42.9,42.9,300,0.376,0,3500,3521,3779,3800,4499.8,142.8,5148.0,601.4,2888.9,2888.9,10.5,10.0
ACGTGGTTATAGGGTTTCGCG,CTACGTTTGACAGTAGCATAG,64.0/60.0,52.4/42.9,64,60,52.4,42.9,400,0.385,4,440,461,819,840,5251.7,5251.7,4447.2,352.8,3582.5,2094.3,10.5,10.5
GTAGTTGCCTGTGTATACGCT,GGATTCAGTTCAGGCAGAATT,62.0/60.0,47.6/42.9,62,60,47.6,42.9,250,0.385,2,800,821,1029,1050,6094.4,1613.7,2977.1,1404.2,6311.4,1229.8,10.0,10.0
GATCTCGTTGGTTGGTTGGTT,ATCAGACCACTCTAGAACCAT,62.0/60.0,47.6/42.9,62,60,47.6,42.9,350,0.385,2,1760,1781,2089,2110,2050.6,1100.0,3197.3,436.1,4365.9,3882.5,10.0,10.0
GTTCCAACCAGCATGGATAGC,TAGCTCTTCTTTGGCAAAGAG,64.0/60.0,52.4/42.9,64,60,52.4,42.9,350,0.385,4,2180,2201,2509,2530,4357.8,2050.9,10332.1,8025.4,2780.9,2621.9,10.5,10.5
ATACAAGAAGCCGACAAGGCC,TAGCTCTTCTTTGGCAAAGAG,64.0/60.0,52.4/42.9,64,60,52.4,42.9,200,0.385,4,2330,2351,2509,2530,4482.2,4538.2,10332.1,8025.4,3965.1,3628.1,10.5,10.5
GGTGCGCTGACTTTGTTGATG,TTGCAAGAACAACCAGACAAC,64.0/60.0,52.4/42.9,64,60,52.4,42.9,350,0.385,4,3230,3251,3559,3580,6416.8,196.3,4127.5,517.5,3938.9,2088.6,10.5,10.5
TTGTGAACAGAGGAAGAGGTT,ACGAGACAGGGACATTTGGAA,60.0/62.0,42.9/47.6,60,62,42.9,47.6,150,0.385,2,3260,3281,3389,3410,1958.9,1958.9,3776.7,162.8,1909.5,662.5,10.0,10.0
TTGTGAACAGAGGAAGAGGTT,TGGCACCTACACAACCTAACT,60.0/62.0,42.9/47.6,60,62,42.9,47.6,350,0.385,2,3260,3281,3589,3610,1958.9,1958.9,2451.3,1163.9,4473.1,3264.3,10.0,10.0
CTCAATGCTCATCTTCGTTTC,TGTGGTGGGATCTTCACAGTG,60.0/64.0,42.9/52.4,60,64,42.9,52.4,300,0.385,4,3950,3971,4229,4250,2406.7,634.9,4367.0,3324.5,2030.1,2.9,10.5,10.5
GTTGCTCTGTGTTACCAGTAT,ATCTCTGTTGTGTGGTGGGAT,60.0/62.0,42.9/47.6,60,62,42.9,47.6,250,0.385,2,4010,4031,4239,4260,935.1,14.0,992.5,992.5,3702.3,478.5,10.0,10.0
GTTGCTCTGTGTTACCAGTAT,GTACACCATGTATCCCAGGAA,60.0/62.0,42.9/47.6,60,62,42.9,47.6,350,0.385,2,4010,4031,4339,4360,935.1,14.0,2715.9,154.9,3705.1,207.3,10.0,10.0
ACACACACACACTGTGAAGAT,CGCGTGCTTGATGTAATCCAT,60.0/62.0,42.9/47.6,60,62,42.9,47.6,200,0.385,2,4220,4241,4399,4420,6488.4,1193.5,4687.1,1351.4,2815.3,677.0,10.0,10.0
GAAGATGGACGCCTTCTACTC,GCGAAACCCTATAACCACGTA,64.0/62.0,52.4/47.6,64,62,52.4,47.6,200,0.394,2,260,281,439,460,3272.2,694.7,3342.3,95.6,4233.9,370.2,10.5,10.0
GTAGGCGTTGATTTCCCTAGT,CTACTACCTGCCATGCGTAAC,62.0/64.0,47.6/52.4,62,64,47.6,52.4,200,0.394,2,770,791,949,970,2278.6,579.7,2567.1,87.0,3681.7,1363.2,10.0,10.5
TTACGCATGGCAGGTAGTAGT,TGGAGTGCTAGAGGAAACGAC,62.0/64.0,47.6/52.4,62,64,47.6,52.4,300,0.394,2,950,971,1229,1250,4321.5,1431.4,3917.0,917.4,3055.2,537.9,10.0,10.5
CGTACCAAGCGTCCTTGTCAT,TATGCCCAGTCAAGTAGCATC,64.0/62.0,52.4/47.6,64,62,52.4,47.6,200,0.394,2,1160,1181,1339,1360,2287.7,1093.0,3163.2,66.3,2873.2,1328.5,10.0,10.5
GGGAACTGCCAGTACATATGT,CAACGAGATCGACCCTAAAGC,62.0/64.0,47.6/52.4,62,64,47.6,52.4,250,0.394,2,1520,1541,1749,1770,6118.6,6118.6,5540.0,1268.4,3736.6,760.3,10.0,10.5
TTGTGCGGGTCGTTGATCTGT,TCCAAGACTAATCACCACAGC,64.0/62.0,52.4/47.6,64,62,52.4,47.6,250,0.394,2,1580,1601,1809,1830,3290.5,899.4,1498.8,1268.4,2507.7,2304.9,10.0,10.5
ATGTTGTCGGTGCTGTGCTGT,GGTTTACTTGCCAACCGTAAC,64.0/62.0,52.4/47.6,64,62,52.4,47.6,400,0.394,2,1640,1661,2019,2040,2406.7,1503.2,2016.0,1595.2,3917.1,1028.5,10.0,10.5
ATTCTGCCGCTCTGTACAGAA,CTATCCATGCTGGTTGGAACG,62.0/64.0,47.6/52.4,62,64,47.6,52.4,350,0.394,2,1850,1871,2179,2200,8249.3,4477.5,2536.7,1995.8,3463.4,1689.9,10.0,10.5
TGGTTCTAGAGTGGTCTGATC,TCGAGCCTTCGCTTTGTACCT,62.0/64.0,47.6/52.4,62,64,47.6,52.4,150,0.394,2,2090,2111,2219,2240,2907.4,2195.0,2801.5,330.8,3056.9,471.1,10.5,10.0
TAGGAAGCTGATCACGATCAC,CAATGTGCAGGTAAGCACCCA,62.0/64.0,47.6/52.4,62,64,47.6,52.4,150,0.394,2,2900,2921,3029,3050,4040.5,1960.6,5583.9,1995.9,3586.9,1891.1,10.5,10.0
TCTCTGTGCCAGTCTATGAGG,ACGAGACAGGGACATTTGGAA,64.0/62.0,52.4/47.6,64,62,52.4,47.6,300,0.394,2,3110,3131,3389,3410,1978.8,1806.0,3776.7,162.8,5861.0,1980.0,10.5,10.0
GAAGTTGTCGTCCTGGAAATG,ACAGTACATGTCGCCCTTCCA,62.0/64.0,47.6/52.4,62,64,47.6,52.4,300,0.394,2,3200,3221,3479,3500,4502.0,1799.1,5480.6,152.2,3051.7,1817.5,10.5,10.0
CTTTGACCCAAGGTAAAGACG,ACAGTACATGTCGCCCTTCCA,62.0/64.0,47.6/52.4,62,64,47.6,52.4,150,0.394,2,3350,3371,3479,3500,968.5,1995.8,5480.6,152.2,2648.3,1787.7,10.5,10.0
TCCTGGGATACATGGTGTACG,GATACATCACCGTTCAGCACA,64.0/62.0,52.4/47.6,64,62,52.4,47.6,250,0.394,2,4340,4361,4569,4590,4090.5,1995.8,2833.4,1120.2,4645.5,4645.5,10.5,10.0
TCCTGGGATACATGGTGTACG,CTTCTTCTTGTCCTCCGACTT,64.0/62.0,52.4/47.6,64,62,52.4,47.6,300,0.394,2,4340,4361,4619,4640,4090.5,1995.8,2768.0,1111.3,2380.4,2381.9,10.5,10.0
TGGATTACATCAAGCACGCGC,GCGCCAGCTTAATTCCTACAA,64.0/62.0,52.4/47.6,64,62,52.4,47.6,350,0.394,2,4400,4421,4729,4750,6343.8,4699.8,4691.2,426.6,6154.9,6154.9,10.5,10.0
TGGATTACATCAAGCACGCGC,AAGGTTCACATGAGCGCGAAT,64.0/62.0,52.4/47.6,64,62,52.4,47.6,400,0.394,2,4400,4421,4779,4800,6343.8,4699.8,7309.6,4041.8,8537.6,8537.6,10.5,10.0
ACGTGGTTATAGGGTTTCGC,CTGATAATCCAGCCGGGGAA,60.0/62.0,50.0/55.0,60,62,50.0,55.0,200,0.4,2,440,460,620,640,3369.0,689.8,5641.2,1390.4,2490.4,1495.9,10.5,8.0
TTGGAGCTCGATTTCGCGCC,CTAGGGAAATCAACGCCTAC,64.0/60.0,60.0/50.0,64,60,60.0,50.0,200,0.4,4,590,610,770,790,5489.6,3938.3,2285.7,438.4,5324.1,2631.9,10.5,10.5
TTCCCCGGCTGGATTATCAG,CTACTACCTGCCATGCGTAA,62.0/60.0,55.0/50.0,62,60,55.0,50.0,350,0.4,2,620,640,950,970,7300.1,2519.6,2567.1,602.3,6325.9,1728.4,8.5,10.0
GTAGGCGTTGATTTCCCTAG,GTCATAATTGTGACACGAAC,60.0/56.0,50.0/40.0,60,56,50.0,40.0,300,0.4,4,770,790,1050,1070,2226.9,1604.5,7826.1,2170.4,3178.7,409.6,10.5,10.5
GTAGGCGTTGATTTCCCTAG,CAACTGTTGGTTGAAGAAAC,60.0/56.0,50.0/40.0,60,56,50.0,40.0,350,0.4,4,770,790,1100,1120,2226.9,1604.5,5586.1,1274.3,3127.1,1242.8,10.5,10.5
TTAATGGTCGGGGTCACCTA,TTTCCCAAGCCAACGATATC,60.0/58.0,50.0/45.0,60,58,50.0,45.0,200,0.4,2,1010,1030,1190,1210,3735.1,99.5,3776.7,2654.1,3076.5,1728.3,8.0,10.5
GTTAATCCTGTCGTTTCCTC,CAGCCAAAACTATGCCCAGT,58.0/60.0,45.0/50.0,58,60,45.0,50.0,150,0.4,2,1220,1240,1350,1370,1915.8,391.5,1921.0,687.6,2260.7,958.8,10.5,8.0
GTTAATCCTGTCGTTTCCTC,CAAGGGTTCAGACACGCATC,58.0/62.0,45.0/55.0,58,62,45.0,55.0,200,0.4,4,1220,1240,1400,1420,1915.8,391.5,2333.8,717.0,2640.0,1258.0,10.5,10.5
CCTGTCGTTTCCTCTAGCAC,GGCAGTTCCCGAAATTCAGG,62.0/62.0,55.0/55.0,62,62,55.0,55.0,250,0.4,0,1280,1300,1510,1530,2833.4,148.4,2563.3,1994.2,2324.5,158.0,10.5,10.5
CCTGTCGTTTCCTCTAGCAC,AAATTCACAGTCGCGTCGCG,62.0/62.0,55.0/55.0,62,62,55.0,55.0,300,0.4,0,1280,1300,1560,1580,2833.4,148.4,10229.0,10229.0,2717.9,229.0,10.5,10.5
TTGTGCGGGTCGTTGATCTG,TCCAAGACTAATCACCACAG,62.0/58.0,55.0/45.0,62,58,55.0,45.0,250,0.4,4,1580,1600,1810,1830,3290.5,761.1,1498.8,532.5,2507.7,2008.2,10.5,10.5
GTTTGGAGCTCCATCTTGCG,TGGCACCTGGTGTAATAATC,62.0/58.0,55.0/45.0,62,58,55.0,45.0,150,0.4,4,1700,1720,1830,1850,10952.9,1518.8,8550.0,4084.3,3205.9,118.2,10.5,10.5
CTTTGGGAGTTGCTGACCTG,TGCGATGGGTTTTCTCTGGA,62.0/60.0,55.0/50.0,62,60,55.0,50.0,300,0.4,2,1790,1810,2070,2090,2621.0,178.7,3299.6,228.9,2721.6,2179.4,10.5,8.0
AGCTCTTGTTGTGTGATGTG,ACACACGCGAGCATTGTCAG,58.0/62.0,45.0/55.0,58,62,45.0,55.0,400,0.4,4,2690,2710,3070,3090,2138.9,42.3,7786.7,2716.3,6535.0,2691.5,10.5,10.5
AGTAAAACGTGGGCTGGGCA,ATGTTCAGGGCAATGTGCAG,62.0/60.0,55.0/50.0,62,60,55.0,50.0,250,0.4,2,2810,2830,3040,3060,3604.3,490.9,3727.0,557.6,2622.3,2579.8,8.0,10.5
CCCTGAACATCGGTGGGATG,ATCAACAAAGTCAGCGCACC,64.0/60.0,60.0/50.0,64,60,60.0,50.0,200,0.4,4,3050,3070,3230,3250,4697.9,2777.5,6843.5,3132.2,5532.8,5532.8,10.5,10.5
GGTTGGACCTCTGATTGAGC,AAGCAGAATTTGGCACCTAC,62.0/58.0,55.0/45.0,62,58,55.0,45.0,300,0.4,4,3320,3340,3600,3620,3165.3,1268.4,2580.1,114.2,2010.5,2050.9,10.5,10.5
CTTTGACCCAAGGTAAAGAC,ACAGTACATGTCGCCCTTCC,58.0/62.0,45.0/55.0,58,62,45.0,55.0,150,0.4,4,3350,3370,3480,3500,968.5,538.9,5480.6,842.7,2648.3,1402.7,10.5,10.5
ATTTGGTCAAGCAGATTTGC,GTCACGAGGATACTGGTAAC,56.0/60.0,40.0/50.0,56,60,40.0,50.0,150,0.4,4,3890,3910,4020,4040,4004.9,4004.9,2828.0,1230.6,3825.4,125.2,10.5,10.5
TCCTGGGATACATGGTGTAC,TGGCTAGGGTGCTCACCATG,60.0/64.0,50.0/60.0,60,64,50.0,60.0,150,0.4,4,4340,4360,4470,4490,4090.5,2191.8,6592.9,3339.0,7358.7,5258.6,10.5,10.5
CGGTTTCGAAATCCATCCA,GCGAAACCCTATAACCACG,56.0/58.0,47.4/52.6,56,58,47.4,52.6,350,0.406,2,110,129,441,460,6581.6,963.8,3299.6,2647.7,7924.5,1608.4,10.0,10.5
GAAGATGGACGCCTTCTAC,CAACGAGATCGACCCTAAT,58.0/56.0,52.6/47.4,58,56,52.6,47.4,400,0.406,2,260,279,641,660,3272.2,517.5,5540.0,356.9,2803.6,517.5,10.5,10.0
ACGTGGTTATAGGGTTTCG,CTGAACAGAGCGGCAGAAT,56.0/58.0,47.4/52.6,56,58,47.4,52.6,300,0.406,2,440,459,721,740,3369.0,1955.8,4989.0,701.0,2520.6,1806.5,10.5,10.0
GATCTCGTTGGTTAGCTGC,GGATTCAGTTCAGGCAGAA,58.0/56.0,52.6/47.4,58,56,52.6,47.4,400,0.406,2,650,669,1031,1050,4499.8,3313.8,1807.9,1807.9,4599.3,4599.3,10.5,10.0
TTACGCATGGCAGGTAGTA,TGGAGTGCTAGAGGAAACG,56.0/58.0,47.4/52.6,56,58,47.4,52.6,300,0.406,2,950,969,1231,1250,4321.5,3235.4,3917.0,1995.8,2793.7,179.9,10.0,10.5
TTACGCATGGCAGGTAGTA,GTGCTAGAGGAAACGACAG,56.0/58.0,47.4/52.6,56,58,47.4,52.6,350,0.406,2,950,969,1281,1300,4321.5,3235.4,3917.0,293.9,3055.2,179.9,10.0,10.5
CATGCTTGCATGTCGTAGT,AAATTCACAGTCGCGTCGC,56.0/58.0,47.4/52.6,56,58,47.4,52.6,150,0.406,2,1430,1449,1561,1580,7136.4,581.4,5667.0,5667.0,2054.3,612.7,10.0,10.5
TTGTGCGGGTCGTTGATCT,ATTTCATAGGCGTACGCTG,58.0/56.0,52.6/47.4,58,56,52.6,47.4,350,0.406,2,1580,1599,1911,1930,3290.5,1138.0,11106.2,8573.5,4632.6,193.8,10.0,10.5
GTTTGGAGCTCCATCTTGC,TCTAGAACCATGCGATGGG,58.0/58.0,52.6/52.6,58,58,52.6,52.6,400,0.406,0,1700,1719,2081,2100,10952.9,6226.8,4616.6,1950.9,4637.6,3346.8,10.5,9.0
ATTCTGCCGCTCTGTACAG,TCTAGAACCATGCGATGGG,58.0/58.0,52.6/52.6,58,58,52.6,52.6,250,0.406,0,1850,1869,2081,2100,6911.1,6911.1,4616.6,1950.9,4592.4,289.4,10.5,9.0
ATTCTGCCGCTCTGTACAG,CTATCCATGCTGGTTGGAA,58.0/56.0,52.6/47.4,58,56,52.6,47.4,350,0.406,2,1850,1869,2181,2200,6911.1,6911.1,2536.7,1273.2,2573.0,2573.0,10.5,10.0
TGGTTCTAGAGTGGTCTGA,TCGAGCCTTCGCTTTGTAC,56.0/58.0,47.4/52.6,56,58,47.4,52.6,150,0.406,2,2090,2109,2221,2240,2907.4,161.5,2191.8,2191.8,2484.4,173.2,10.0,10.5
CGTCTGCTGTACATGTTGT,AGAGTGGTCTGATCCCTAC,56.0/58.0,47.4/52.6,56,58,47.4,52.6,350,0.406,2,2420,2439,2751,2770,5689.2,1272.4,2804.7,345.2,1793.2,548.6,10.0,10.5
TCTCTGTGCCAGTCTATGA,ACGAGACAGGGACATTTGG,56.0/58.0,47.4/52.6,56,58,47.4,52.6,300,0.406,2,3110,3129,3391,3410,1978.8,329.5,3776.7,330.5,5861.0,984.4,10.0,10.5
TCTCTGTGCCAGTCTATGA,ATGGCCAACTTGGTTTCGC,56.0/58.0,47.4/52.6,56,58,47.4,52.6,350,0.406,2,3110,3129,3441,3460,1978.8,329.5,7157.6,1194.3,4417.5,311.9,10.0,10.5
GTTGCTCTGTGTTACCAGT,GTACACCATGTATCCCAGG,56.0/58.0,47.4/52.6,56,58,47.4,52.6,350,0.406,2,4010,4029,4341,4360,935.1,832.1,2903.2,2044.5,3705.1,1309.7,10.0,10.5
ACACACACACACTGTGAAG,TGGAGGATGAGTAGAGGCA,56.0/58.0,47.4/52.6,56,58,47.4,52.6,300,0.406,2,4220,4239,4501,4520,6488.4,3910.3,2800.3,1429.8,2133.2,171.1,10.5,10.0
TCCTGGGATACATGGTGTA,CTTCTTCTTGTCCTCCGAC,56.0/58.0,47.4/52.6,56,58,47.4,52.6,300,0.406,2,4340,4359,4621,4640,4090.5,1429.5,2768.0,1647.3,2380.4,907.3,10.0,10.5
TGGATTACATCAAGCACGC,AAGGTTCACATGAGCGCGA,56.0/58.0,47.4/52.6,56,58,47.4,52.6,400,0.406,2,4400,4419,4781,4800,2833.4,1761.6,7309.6,2901.8,4238.3,4238.3,10.5,10.0
TCCTCATCATCATGGTGAG,AAGAGATCCGGAACGCAGA,56.0/58.0,47.4/52.6,56,58,47.4,52.6,400,0.406,2,4460,4479,4841,4860,6968.8,6968.8,6272.8,1305.6,3011.0,686.5,10.5,10.0
AGGCCACCACCACCCTATA,ATAACCACGTACGGACCGA,60.0/58.0,57.9/52.6,60,58,57.9,52.6,400,0.415,2,50,69,431,450,6103.2,470.5,8545.2,3722.1,2645.6,442.5,10.0,10.0
TAAGCAGCGGAAGAAGAAG,GACGAGGTCGAGTAGAAGG,56.0/60.0,47.4/57.9,56,60,47.4,57.9,150,0.415,4,140,159,271,290,2767.1,171.1,5097.1,1202.7,3074.0,398.5,10.5,10.5
CGTACCAAGCGTCCTTGTC,TCTGAATGGAGTGCTAGAG,60.0/56.0,57.9/47.4,60,56,57.9,47.4,150,0.415,4,1160,1179,1291,1310,2287.7,1217.4,3917.0,772.5,3341.9,818.6,10.5,10.5
GATGCGTGTCTGAACCCTT,CAGATCAACGACCCGCACA,58.0/60.0,52.6/57.9,58,60,52.6,57.9,200,0.415,2,1400,1419,1581,1600,2533.7,662.5,3717.1,1427.9,5306.4,615.3,10.0,10.0
ATGGACTAGGGCCTCACCT,GCCTTGTCGGCTTCTTGTA,60.0/58.0,57.9/52.6,60,58,57.9,52.6,200,0.415,2,2150,2169,2331,2350,7212.1,2748.3,2610.4,907.3,4061.2,1322.7,10.0,10.0
TCCAACTTGTGCCTGGCTG,CACATCACACAACAAGAGC,60.0/56.0,57.9/47.4,60,56,57.9,47.4,350,0.415,4,2360,2379,2691,2710,7721.9,4561.3,1268.4,1268.4,4901.5,2613.2,10.5,10.5
GAACGGCTGCAAAGGACAA,TCTGCCACGCTCTCTCTCT,58.0/60.0,52.6/57.9,58,60,52.6,57.9,200,0.415,2,2540,2559,2721,2740,4720.5,1418.6,2333.8,2087.8,3965.7,1605.9,10.0,10.0
TAGGAAGCTGATCACGATC,GATGGTTCCAACACACGCG,56.0/60.0,47.4/57.9,56,60,47.4,57.9,200,0.415,4,2900,2919,3081,3100,3368.1,2867.3,6005.9,6005.9,5219.0,1701.0,10.5,10.5
ACACACACACACTGTGAAG,TGTCGCCTGCGTTCTTGAG,56.0/60.0,47.4/57.9,56,60,47.4,57.9,400,0.415,4,4220,4239,4601,4620,6488.4,3910.3,5611.8,645.3,1594.1,1594.1,10.5,10.5
AGATCATCGAGAGGGCGCA,TGGAGGATGAGTAGAGGCA,60.0/58.0,57.9/52.6,60,58,57.9,52.6,150,0.415,2,4370,4389,4501,4520,6685.2,1916.1,2800.3,1429.8,3235.3,1429.8,10.0,10.0
AGATCATCGAGAGGGCGCA,AGTGGTGGTGGTACCAGTA,60.0/58.0,57.9/52.6,60,58,57.9,52.6,350,0.415,2,4370,4389,4701,4720,6685.2,1916.1,7532.1,4384.7,2470.8,422.9,10.0,10.0
TCCTCATCATCATGGTGAG,GTTCAGGACCTCCTCTTCC,56.0/60.0,47.4/57.9,56,60,47.4,57.9,200,0.415,4,4460,4479,4641,4660,6968.8,6968.8,3491.1,1699.9,3121.5,1907.2,10.5,10.5
AGGCCACCACCACCCTATA,CTGTGCTTGTGCTTTCGCG,60.0/60.0,57.9/57.9,60,60,57.9,57.9,150,0.424,0,50,69,181,200,6103.2,470.5,5251.7,5251.7,2144.1,839.3,10.0,10.5
CTCCTCTGGCAGCTTCATG,TGGCTAGGGTGCTCACCAT,60.0/60.0,57.9/57.9,60,60,57.9,57.9,300,0.424,0,4190,4209,4471,4490,6184.7,2483.7,6592.9,5708.2,4532.2,641.5,10.5,10.0
AGATCATCGAGAGGGCGCA,TGTCGCCTGCGTTCTTGAG,60.0/60.0,57.9/57.9,60,60,57.9,57.9,250,0.424,0,4370,4389,4601,4620,6685.2,1916.1,5611.8,645.3,5457.2,4125.3,10.0,10.5
GATATCGTTGGCTTGGGAAAT,CTAGAGCACCTCATTCATGAA,60.0/60.0,42.9/42.9,60,60,42.9,42.9,300,0.426,0,1190,1211,1469,1490,2035.6,182.0,6097.0,6097.0,2967.6,57.4,10.0,10.0
GATATCGTTGGCTTGGGAAAT,TGCAAGCATGCAGTTTCTGGC,60.0/64.0,42.9/52.4,60,64,42.9,52.4,250,0.435,4,1190,1211,1419,1440,2035.6,182.0,8085.5,4700.7,5739.3,1070.3,10.0,10.5
GATATCGTTGGCTTGGGAAAT,CATATGTACTGGCAGTTCCCG,60.0/64.0,42.9/52.4,60,64,42.9,52.4,350,0.435,4,1190,1211,1519,1540,2035.6,182.0,9203.0,3759.8,4314.8,3459.7,10.0,10.5
CCTGTCGTTTCCTCTAGCACT,AACCATCCAGCACTAACAAAC,64.0/60.0,52.4/42.9,64,60,52.4,42.9,400,0.435,4,1280,1301,1659,1680,2833.4,928.3,2833.4,203.9,2833.4,231.3,10.0,10.5
CATGCTTGCATGTCGTAGTTA,ACCAACCAACCAACGAGATCG,60.0/64.0,42.9/52.4,60,64,42.9,52.4,350,0.435,4,1430,1451,1759,1780,7136.4,625.0,3759.1,3759.1,2963.4,626.7,10.0,10.5
GCAGCGTACGCCTATGAAATG,ATCAGACCACTCTAGAACCAT,64.0/60.0,52.4/42.9,64,60,52.4,42.9,200,0.435,4,1910,1931,2089,2110,10778.8,7748.1,3197.3,436.1,1998.0,410.6,10.5,10.0
GTTCCAACCAGCATGGATAGC,ACTCGTGTGTTTAAGGCTGAT,64.0/60.0,52.4/42.9,64,60,52.4,42.9,400,0.435,4,2180,2201,2559,2580,4357.8,2050.9,3308.1,191.0,5116.0,2805.0,10.5,10.0
ATACAAGAAGCCGACAAGGCC,ACTCGTGTGTTTAAGGCTGAT,64.0/60.0,52.4/42.9,64,60,52.4,42.9,250,0.435,4,2330,2351,2559,2580,4482.2,4538.2,3308.1,191.0,3914.1,3371.9,10.5,10.0
TTTACCTGACCCTATGCTTTG,TCAGCGCACCATGTCATGACA,60.0/64.0,42.9/52.4,60,64,42.9,52.4,250,0.435,4,2990,3011,3219,3240,2406.7,229.4,9505.9,9505.9,2566.6,918.8,10.5,10.0
TTGTGAACAGAGGAAGAGGTT,ATGGCCAACTTGGTTTCGCTG,60.0/64.0,42.9/52.4,60,64,42.9,52.4,200,0.435,4,3260,3281,3439,3460,1958.9,1958.9,7157.6,196.3,3037.1,48.3,10.0,10.5
GGTTGGACCTCTGATTGAGCT,AACCAGACAACGATGGATAAG,64.0/60.0,52.4/42.9,64,60,52.4,42.9,250,0.435,4,3320,3341,3549,3570,3346.4,3346.4,3370.8,542.5,3287.1,714.2,10.0,10.5
GATATGTCATGGAAGGGCGAC,AAGCAGAATTTGGCACCTACA,64.0/60.0,52.4/42.9,64,60,52.4,42.9,150,0.435,4,3470,3491,3599,3620,3162.1,2759.9,2580.1,661.4,2669.6,599.7,10.5,10.0
GTTGCTCTGTGTTACCAGTAT,ATGTAATCCATGTCGCCGTGG,60.0/64.0,42.9/52.4,60,64,42.9,52.4,400,0.435,4,4010,4031,4389,4410,935.1,14.0,3789.7,3789.7,2318.7,227.5,10.0,10.5
TGGATTACATCAAGCACGCGC,TCCTCTTCCTCTTCTTCTTGT,64.0/60.0,52.4/42.9,64,60,52.4,42.9,250,0.435,4,4400,4421,4629,4650,6343.8,4699.8,156.2,0.0,2883.3,253.0,10.5,10.0
GAAGATGGACGCCTTCTACTC,CAACGAGATCGACCCTAATGC,64.0/64.0,52.4/52.4,64,64,52.4,52.4,400,0.444,0,260,281,639,660,3272.2,694.7,5540.0,1311.2,2803.6,2443.5,10.5,10.5
ACGTGGTTATAGGGTTTCGCG,CTGAACAGAGCGGCAGAATTG,64.0/64.0,52.4/52.4,64,64,52.4,52.4,300,0.444,0,440,461,719,740,5251.7,5251.7,4989.0,1661.3,3660.8,1945.1,10.5,10.5
ACGTGGTTATAGGGTTTCGCG,CTAGGGAAATCAACGCCTACC,64.0/64.0,52.4/52.4,64,64,52.4,52.4,350,0.444,0,440,461,769,790,5251.7,5251.7,2285.7,2073.3,3391.1,3652.7,10.5,10.5
TTACGCATGGCAGGTAGTAGT,GTGCTAGAGGAAACGACAGGA,62.0/64.0,47.6/52.4,62,64,47.6,52.4,350,0.444,2,950,971,1279,1300,4321.5,1431.4,3917.0,100.9,3055.2,1102.3,10.0,10.0
CGTACCAAGCGTCCTTGTCAT,TCTGAATGGAGTGCTAGAGGA,64.0/62.0,52.4/47.6,64,62,52.4,47.6,150,0.444,2,1160,1181,1289,1310,2287.7,1093.0,3917.0,28.7,3514.2,964.2,10.0,10.0
GGGAACTGCCAGTACATATGT,ATCACCACAGCAGGTCAGCAA,62.0/64.0,47.6/52.4,62,64,47.6,52.4,300,0.444,2,1520,1541,1799,1820,6118.6,6118.6,2833.4,788.0,5944.5,3157.0,10.0,10.0
GGGAACTGCCAGTACATATGT,CGTACGCTGCACAAACTGTGA,62.0/64.0,47.6/52.4,62,64,47.6,52.4,400,0.444,2,1520,1541,1899,1920,6118.6,6118.6,5041.5,525.0,2709.9,680.7,10.0,10.0
TTGTGCGGGTCGTTGATCTGT,ATTTCATAGGCGTACGCTGCA,64.0/62.0,52.4/47.6,64,62,52.4,47.6,350,0.444,2,1580,1601,1909,1930,3290.5,899.4,11106.2,7301.4,4632.6,523.1,10.0,10.0
GATCTCGTTGGTTGGTTGGTT,ACAAACTGTGACCCGTCGTCA,62.0/64.0,47.6/52.4,62,64,47.6,52.4,150,0.444,2,1760,1781,1889,1910,2050.6,1100.0,1994.8,1994.8,2896.7,1120.4,10.0,10.0
GATCTCGTTGGTTGGTTGGTT,CCTAGTCCATCGCGAGAAACA,62.0/64.0,47.6/52.4,62,64,47.6,52.4,400,0.444,2,1760,1781,2139,2160,2050.6,1100.0,7296.0,2388.2,4739.1,1355.2,10.0,10.0
GTGACTCATTTCTGCTGGGTT,ACATCCAGGCGATGGTTCCAA,62.0/64.0,47.6/52.4,62,64,47.6,52.4,150,0.444,2,2960,2981,3089,3110,2175.0,1111.3,3452.8,573.7,4257.2,613.4,10.0,10.0
TCTCTGTGCCAGTCTATGAGG,ATGGCCAACTTGGTTTCGCTG,64.0/64.0,52.4/52.4,64,64,52.4,52.4,350,0.444,0,3110,3131,3439,3460,1978.8,1806.0,7157.6,196.3,4417.5,1806.0,10.5,10.5
TCGCCTTCTTCTCCTGACCTT,TCGCCCTTCCATGACATATCA,64.0/62.0,52.4/47.6,64,62,52.4,47.6,350,0.444,2,3140,3161,3469,3490,1428.9,1111.3,4010.0,686.4,1471.6,1006.8,10.0,10.0
GATATGTCATGGAAGGGCGAC,TGAAGGCCCAAAGAGTCCATG,64.0/64.0,52.4/52.4,64,64,52.4,52.4,350,0.444,0,3470,3491,3799,3820,3162.1,2759.9,5148.0,2229.2,5647.7,3158.1,10.5,10.5
GTTAGGTTGTGTAGGTGCCAA,GGCCCAGGTACAAACTGTTGA,62.0/64.0,47.6/52.4,62,64,47.6,52.4,150,0.444,2,3590,3611,3719,3740,2086.3,889.4,3951.0,565.7,4040.8,1442.8,10.0,10.0
ATGGACTCTTTGGGCCTTCAT,GACAAACCCTGTCACGAGGAT,62.0/64.0,47.6/52.4,62,64,47.6,52.4,250,0.444,2,3800,3821,4029,4050,5643.5,1999.2,3776.7,32.7,3635.1,198.2,10.0,10.0
CTCCTCTGGCAGCTTCATGTT,GATACATCACCGTTCAGCACA,64.0/62.0,52.4/47.6,64,62,52.4,47.6,400,0.444,2,4190,4211,4569,4590,6184.7,1623.0,2833.4,1120.2,2814.0,528.7,10.0,10.0
TCCTCATCATCATGGTGAGCA,CCAAGTTACTGCGCCAGCTTA,62.0/64.0,47.6/52.4,62,64,47.6,52.4,300,0.444,2,4460,4481,4739,4760,7306.8,4539.4,5931.1,1262.8,3965.1,3062.1,10.0,10.0
TCCTCATCATCATGGTGAGCA,AAGAGATCCGGAACGCAGACA,62.0/64.0,47.6/52.4,62,64,47.6,52.4,400,0.444,2,4460,4481,4839,4860,7306.8,4539.4,6272.8,905.5,3011.0,1248.1,10.0,10.0
TAAGCAGCGGAAGAAGAAGA,TCTCGCGGAAGTTCTTGAGG,58.0/62.0,45.0/55.0,58,62,45.0,55.0,200,0.45,4,140,160,320,340,2767.1,1545.5,6104.4,259.3,4435.8,2036.3,10.0,10.5
GAAGATGGACGCCTTCTACT,GCATCGGAGGGAGAGAAGAG,60.0/64.0,50.0/60.0,60,64,50.0,60.0,150,0.45,4,260,280,390,410,3272.2,116.9,2320.4,171.1,4027.6,2306.5,10.0,10.5
CCTCAAGAACTTCCGCGAGA,CGCAGCTAACCAACGAGATC,62.0/62.0,55.0/55.0,62,62,55.0,55.0,350,0.45,0,320,340,650,670,6778.0,4094.2,3776.7,2152.1,4024.3,235.1,10.0,10.5
ACGTGGTTATAGGGTTTCGC,CTACGTTTGACAGTAGCATA,60.0/56.0,50.0/40.0,60,56,50.0,40.0,400,0.45,4,440,460,820,840,3369.0,689.8,4447.2,621.0,3582.5,1761.6,10.5,10.0
TTGGAGCTCGATTTCGCGCC,CTGAACAGAGCGGCAGAATT,64.0/60.0,60.0/50.0,64,60,60.0,50.0,150,0.45,4,590,610,720,740,5489.6,3938.3,4989.0,1585.0,3994.0,2554.7,10.5,10.0
GATCTCGTTGGTTAGCTGCG,GGATTCAGTTCAGGCAGAAT,62.0/58.0,55.0/45.0,62,58,55.0,45.0,400,0.45,4,650,670,1030,1050,4499.8,1226.9,2977.1,2579.9,4573.7,1606.3,10.5,10.0
GTAGTTGCCTGTGTATACGC,CCGATCTGATAACGACATAA,60.0/56.0,50.0/40.0,60,56,50.0,40.0,200,0.45,4,800,820,980,1000,4998.9,4998.9,3776.7,1102.3,2505.8,300.4,10.5,10.0
GTAGTTGCCTGTGTATACGC,ACCGAAATTGTTGCATGACT,60.0/56.0,50.0/40.0,60,56,50.0,40.0,350,0.45,4,800,820,1130,1150,4998.9,4998.9,4541.6,1392.6,2040.0,1783.0,10.5,10.0
TTACGCATGGCAGGTAGTAG,ACCGAAATTGTTGCATGACT,60.0/56.0,50.0/40.0,60,56,50.0,40.0,200,0.45,4,950,970,1130,1150,4321.5,531.3,4541.6,1392.6,4077.5,759.4,10.5,10.0
TTACGCATGGCAGGTAGTAG,CAAGTAGCATCTGTCGAATT,60.0/56.0,50.0/40.0,60,56,50.0,40.0,400,0.45,4,950,970,1330,1350,4321.5,531.3,3196.8,1442.7,2754.3,865.7,10.5,10.0
TTAATGGTCGGGGTCACCTA,TATGCCCAGTCAAGTAGCAT,60.0/58.0,50.0/45.0,60,58,50.0,45.0,350,0.45,2,1010,1030,1340,1360,3735.1,99.5,3558.1,3558.1,3698.8,127.7,8.0,10.0
AACTGAATCCGTTCGTGTCA,GAGGAAACGACAGGATTAAC,58.0/58.0,45.0/45.0,58,58,45.0,45.0,200,0.45,0,1040,1060,1220,1240,417.5,903.7,3776.7,438.4,6310.9,1217.1,10.0,10.5
GTTTCTTCAACCAACAGTTG,TGGAGTGCTAGAGGAAACGA,56.0/60.0,40.0/50.0,56,60,40.0,50.0,150,0.45,4,1100,1120,1230,1250,4713.2,4713.2,3917.0,662.8,3963.8,42.3,10.5,10.0
AAATTCCACTGGTGCTACAA,AGCTCCAAACCACCAAATCG,56.0/60.0,40.0/50.0,56,60,40.0,50.0,400,0.45,4,1310,1330,1690,1710,2845.3,558.2,2138.9,1241.7,4126.6,760.2,10.0,10.5
GATGCGTGTCTGAACCCTTG,CAGATCAACGACCCGCACAA,62.0/62.0,55.0/55.0,62,62,55.0,55.0,200,0.45,0,1400,1420,1580,1600,2533.7,46.6,3717.1,1016.0,5306.4,1576.8,10.5,10.0
CATGCTTGCATGTCGTAGTT,AAATTCACAGTCGCGTCGCG,58.0/62.0,45.0/55.0,58,62,45.0,55.0,150,0.45,4,1430,1450,1560,1580,7136.4,382.9,10229.0,10229.0,2054.3,563.5,10.0,10.5
CATGCTTGCATGTCGTAGTT,TCCAAGACTAATCACCACAG,58.0/58.0,45.0/45.0,58,58,45.0,45.0,400,0.45,0,1430,1450,1810,1830,7136.4,382.9,1498.8,532.5,3523.3,879.7,10.0,10.5
ATGTTGTCGGTGCTGTGCTG,GGTTTACTTGCCAACCGTAA,62.0/58.0,55.0/45.0,62,58,55.0,45.0,400,0.45,4,1640,1660,2020,2040,2406.7,343.4,2016.0,1310.9,4395.0,1602.4,10.5,10.0
GTTTGGAGCTCCATCTTGCG,ACCCGTCGTCAGGTAGCATT,62.0/62.0,55.0/55.0,62,62,55.0,55.0,200,0.45,0,1700,1720,1880,1900,10952.9,1518.8,3315.1,1278.9,3404.4,1717.3,10.5,10.0
GATCTCGTTGGTTGGTTGGT,TGAAAAGCGTCCAGTGCATT,60.0/58.0,50.0/45.0,60,58,50.0,45.0,200,0.45,2,1760,1780,1940,1960,2050.6,598.2,3653.6,2080.8,1421.0,1.7,10.0,8.0
CTTTGGGAGTTGCTGACCTG,GGTTTACTTGCCAACCGTAA,62.0/58.0,55.0/45.0,62,58,55.0,45.0,250,0.45,4,1790,1810,2020,2040,2621.0,178.7,2016.0,1310.9,3252.1,196.3,10.5,10.0
ATTCTGCCGCTCTGTACAGA,AAGGAAATCAGAGAGAACTG,60.0/56.0,50.0/40.0,60,56,50.0,40.0,150,0.45,4,1850,1870,1980,2000,7931.7,7931.7,2898.6,2898.6,5212.4,1185.8,10.0,10.5
AATGCTACCTGACGACGGGT,GCTTTGTACCTCTTCTTTGG,62.0/58.0,55.0/45.0,62,58,55.0,45.0,350,0.45,4,1880,1900,2210,2230,7315.7,7315.7,2801.5,1831.2,2630.7,2630.7,10.0,10.5
TGGTTCTAGAGTGGTCTGAT,TCGAGCCTTCGCTTTGTACC,58.0/62.0,45.0/55.0,58,62,45.0,55.0,150,0.45,4,2090,2110,2220,2240,2907.4,200.4,2801.5,276.1,2484.4,415.8,10.0,10.5
ATGGACTAGGGCCTCACCTC,GCCTTGTCGGCTTCTTGTAT,64.0/60.0,60.0/50.0,64,60,60.0,50.0,200,0.45,4,2150,2170,2330,2350,7212.1,3294.7,2610.4,14.0,4061.2,1413.2,10.5,10.0
GTTCCAACCAGCATGGATAG,TAGCTCTTCTTTGGCAAAGA,60.0/56.0,50.0/40.0,60,56,50.0,40.0,350,0.45,4,2180,2200,2510,2530,4357.8,475.2,10168.2,10168.2,2780.9,742.1,10.5,10.0
CCAAAGAAGAGGTACAAAGC,ATTCCGAAGCAGATCTCCAA,58.0/58.0,45.0/45.0,58,58,45.0,45.0,250,0.45,0,2210,2230,2440,2460,3555.7,1268.4,3616.3,915.5,2196.5,2050.9,10.5,10.0
CCAAAGAAGAGGTACAAAGC,GGTCCACAGAGAAGAAGGCT,58.0/62.0,45.0/55.0,58,62,45.0,55.0,300,0.45,4,2210,2230,2490,2510,3555.7,1268.4,2105.8,2105.8,2004.5,1624.5,10.5,10.0
ATACAAGAAGCCGACAAGGC,TAGCTCTTCTTTGGCAAAGA,60.0/56.0,50.0/40.0,60,56,50.0,40.0,200,0.45,4,2330,2350,2510,2530,3872.4,3872.4,10168.2,10168.2,3965.1,2190.6,10.5,10.0
TAGGAAGCTGATCACGATCA,TTGTGAATTTCTACCCGTGC,58.0/58.0,45.0/45.0,58,58,45.0,45.0,300,0.45,0,2900,2920,3180,3200,4176.6,4176.6,2761.4,1311.2,4624.5,1002.0,10.0,10.5
TCGCGTGTGTTGGAACCATC,ACCTCTTCCTCTGTTCACAA,62.0/58.0,55.0/45.0,62,58,55.0,45.0,200,0.45,4,3080,3100,3260,3280,5925.8,1783.3,992.9,901.4,3461.5,391.5,10.5,10.0
TCGCCTTCTTCTCCTGACCT,GCTCAATCAGAGGTCCAACC,62.0/62.0,55.0/55.0,62,62,55.0,55.0,200,0.45,0,3140,3160,3320,3340,1428.9,1484.0,3060.4,1484.9,4610.5,4610.5,10.0,10.5
GAAGTTGTCGTCCTGGAAAT,TCTATGGCAAGCTCAATCAG,58.0/58.0,45.0/45.0,58,58,45.0,45.0,150,0.45,0,3200,3220,3330,3350,4502.0,33.8,3854.7,96.1,1888.7,109.8,10.0,10.5
GAAGTTGTCGTCCTGGAAAT,ACAGTACATGTCGCCCTTCC,58.0/62.0,45.0/55.0,58,62,45.0,55.0,300,0.45,4,3200,3220,3480,3500,4502.0,33.8,5480.6,842.7,2644.3,744.0,10.0,10.5
GGTGCGCTGACTTTGTTGAT,TCCAATAATCCAATCACAGC,60.0/56.0,50.0/40.0,60,56,50.0,40.0,300,0.45,4,3230,3250,3510,3530,6416.8,200.4,1268.4,1268.4,4627.7,1798.7,10.0,10.5
GGTTGGACCTCTGATTGAGC,ATCAAACGTCATGGCCAACT,62.0/58.0,55.0/45.0,62,58,55.0,45.0,150,0.45,4,3320,3340,3450,3470,3165.3,1268.4,7157.6,3243.0,5595.8,416.0,10.5,10.0
CTTTGACCCAAGGTAAAGAC,AGGGTCTCAGGAGAACAATA,58.0/58.0,45.0/45.0,58,58,45.0,45.0,300,0.45,0,3350,3370,3630,3650,968.5,538.9,5736.0,685.0,6231.8,2495.3,10.5,10.0
GGGCCACTATGATTAGTCTT,TACTGGTAACACAGAGCAAC,58.0/58.0,45.0/45.0,58,58,45.0,45.0,350,0.45,0,3680,3700,4010,4030,5945.0,238.9,3263.7,363.2,2755.3,430.0,10.0,10.5
TGATGCTGAATTTGTGTACC,GTGTGTGTGTCTCACCTCAA,56.0/60.0,40.0/50.0,56,60,40.0,50.0,400,0.45,4,3830,3850,4210,4230,2801.5,133.7,2932.7,1502.8,2439.4,1320.4,10.5,10.0
GTTGCTCTGTGTTACCAGTA,ACATGAAGCTGCCAGAGGAG,58.0/62.0,45.0/55.0,58,62,45.0,55.0,200,0.45,4,4010,4030,4190,4210,935.1,535.8,5018.6,822.3,4621.0,326.9,10.0,10.5
GCTGCAGTTTGCCACGTCCA,ATGTAATCCATGTCGCCGTG,64.0/60.0,60.0/50.0,64,60,60.0,50.0,250,0.45,4,4160,4180,4390,4410,6981.7,1183.8,2903.2,847.1,3850.2,741.1,10.0,10.5
CTCCTCTGGCAGCTTCATGT,AAGTCGGTGAAGAGGGTGAG,62.0/62.0,55.0/55.0,62,62,55.0,55.0,250,0.45,0,4190,4210,4420,4440,6184.7,1309.3,2094.3,775.5,4973.0,203.1,10.0,10.5
ACACACACACACTGTGAAGA,TGGAGGATGAGTAGAGGCAG,58.0/62.0,45.0/55.0,58,62,45.0,55.0,300,0.45,4,4220,4240,4500,4520,6488.4,1497.0,2800.3,171.1,2483.7,457.7,10.0,10.5
CCCTGCAGGTTTACTTTGGC,GTTCAGGACCTCCTCTTCCT,62.0/62.0,55.0/55.0,62,62,55.0,55.0,350,0.45,0,4310,4330,4640,4660,9719.9,1993.2,3491.1,2135.2,4122.8,65.6,10.5,10.0
TCACCGACTTCGTCGCCGTT,ACGATGTGCAGATGACACAC,64.0/60.0,60.0/50.0,64,60,60.0,50.0,250,0.45,4,4430,4450,4660,4680,4691.9,134.9,4972.5,2343.5,3867.8,1341.8,10.0,10.5
TCACCGACTTCGTCGCCGTT,AGTACTTAGCAGTGGTGGTG,64.0/60.0,60.0/50.0,64,60,60.0,50.0,300,0.45,4,4430,4450,4710,4730,4691.9,134.9,5040.3,1927.2,3833.1,982.8,10.0,10.5
TCACCGACTTCGTCGCCGTT,AAAGCTTCATCAGCAGCAGC,64.0/60.0,60.0/50.0,64,60,60.0,50.0,400,0.45,4,4430,4450,4810,4830,4691.9,134.9,4840.0,3350.1,2066.5,626.4,10.0,10.5
TCCTCATCATCATGGTGAGC,AAACTCACACAAGGTTCACA,60.0/56.0,50.0/40.0,60,56,50.0,40.0,350,0.45,4,4460,4480,4790,4810,7306.8,1268.4,1649.3,1722.9,5240.8,3172.2,10.5,10.0
GTAGGCGTTGATTTCCCTA,CTACTACCTGCCATGCGTA,56.0/58.0,47.4/52.6,56,58,47.4,52.6,200,0.456,2,770,789,951,970,2226.9,1762.6,2567.1,1545.6,3681.7,364.5,10.0,10.0
AACTGAATCCGTTCGTGTC,TGCAAGCATGCAGTTTCTG,56.0/56.0,47.4/47.4,56,56,47.4,47.4,400,0.456,0,1040,1059,1421,1440,417.5,249.0,8085.5,3777.0,4061.8,1567.9,10.5,10.5
GGGAACTGCCAGTACATAT,TCTGTACAGAGCGGCAGAA,56.0/58.0,47.4/52.6,56,58,47.4,52.6,350,0.456,2,1520,1539,1851,1870,4371.4,816.1,7795.6,2323.8,6386.2,1789.1,10.0,10.0
GGGAACTGCCAGTACATAT,CGTACGCTGCACAAACTGT,56.0/58.0,47.4/52.6,56,58,47.4,52.6,400,0.456,2,1520,1539,1901,1920,4371.4,816.1,5231.5,1215.0,2709.9,1192.0,10.0,10.0
TTGTGCGGGTCGTTGATCT,ACCAACCAACCAACGAGAT,58.0/56.0,52.6/47.4,58,56,52.6,47.4,200,0.456,2,1580,1599,1761,1780,3290.5,1138.0,3776.7,200.4,6243.3,2014.9,10.0,10.0
ATGTTGTCGGTGCTGTGCT,GGTTTACTTGCCAACCGTA,58.0/56.0,52.6/47.4,58,56,52.6,47.4,400,0.456,2,1640,1659,2021,2040,2406.7,1741.7,2016.0,489.4,4395.0,216.2,10.0,10.0
GATCTCGTTGGTTGGTTGG,CCTAGTCCATCGCGAGAAA,58.0/58.0,52.6/52.6,58,58,52.6,52.6,400,0.456,0,1760,1779,2141,2160,2050.6,281.4,7296.0,3324.1,4739.1,1410.5,10.5,8.5
CTTTGGGAGTTGCTGACCT,GGTTTACTTGCCAACCGTA,58.0/56.0,52.6/47.4,58,56,52.6,47.4,250,0.456,2,1790,1809,2021,2040,2621.0,498.8,2016.0,489.4,3252.1,2058.7,10.0,10.0
ATACAAGAAGCCGACAAGG,ACTCGTGTGTTTAAGGCTG,56.0/56.0,47.4/47.4,56,56,47.4,47.4,250,0.456,0,2330,2349,2561,2580,2768.0,997.9,3308.1,196.3,3914.1,87.7,10.5,10.5
TAGGAAGCTGATCACGATC,ATCAACAAAGTCAGCGCAC,56.0/56.0,47.4/47.4,56,56,47.4,47.4,350,0.456,0,2900,2919,3231,3250,3368.1,2867.3,6843.5,4167.5,4650.7,774.5,10.5,10.5
TCGCGTGTGTTGGAACCAT,ACCTCTTCCTCTGTTCACA,58.0/56.0,52.6/47.4,58,56,52.6,47.4,200,0.456,2,3080,3099,3261,3280,5925.8,782.3,834.1,834.1,3461.5,1808.4,10.0,10.0
AGCGAAACCAAGTTGGCCA,ATAGTGGCCCATCCAAAGA,58.0/56.0,52.6/47.4,58,56,52.6,47.4,250,0.456,2,3440,3459,3671,3690,7922.9,5754.2,5190.8,540.0,5472.5,5472.5,10.0,10.0
GTTGCTCTGTGTTACCAGT,ACATGAAGCTGCCAGAGGA,56.0/58.0,47.4/52.6,56,58,47.4,52.6,200,0.456,2,4010,4029,4191,4210,935.1,832.1,5018.6,961.3,4621.0,39.2,10.0,10.0
TCCTCATCATCATGGTGAG,GTTCTTGAGCTGCAAACAG,56.0/56.0,47.4/47.4,56,56,47.4,47.4,150,0.456,0,4460,4479,4591,4610,6968.8,6968.8,4878.8,2315.7,2499.1,911.0,10.5,10.5
TTGGAGCTCGATTTCGCGC,CTAGGGAAATCAACGCCTA,60.0/56.0,57.9/47.4,60,56,57.9,47.4,200,0.465,4,590,609,771,790,5489.6,4049.1,2353.8,2353.8,5324.1,1075.2,10.5,10.0
CGTACCAAGCGTCCTTGTC,TATGCCCAGTCAAGTAGCA,60.0/56.0,57.9/47.4,60,56,57.9,47.4,200,0.465,4,1160,1179,1341,1360,2287.7,1217.4,2724.1,2724.1,2873.2,1511.6,10.5,10.0
CATGCTTGCATGTCGTAGT,CACAATCCGGCGCAAGATG,56.0/60.0,47.4/57.9,56,60,47.4,57.9,300,0.465,4,1430,1449,1711,1730,7136.4,581.4,6685.2,3859.2,5993.2,1667.6,10.0,10.5
GGGAACTGCCAGTACATAT,ATCACCACAGCAGGTCAGC,56.0/60.0,47.4/57.9,56,60,47.4,57.9,300,0.465,4,1520,1539,1801,1820,4371.4,816.1,2833.4,2050.9,5944.5,1075.3,10.0,10.5
GTTCCAACCAGCATGGATA,TCAGCCAGGCACAAGTTGG,56.0/60.0,47.4/57.9,56,60,47.4,57.9,200,0.465,4,2180,2199,2361,2380,4357.8,686.5,7144.1,2140.0,6632.6,1836.8,10.0,10.5
TCCAACTTGTGCCTGGCTG,TTTGTCCTTTGCAGCCGTT,60.0/56.0,57.9/47.4,60,56,57.9,47.4,200,0.465,4,2360,2379,2541,2560,7721.9,4561.3,2961.9,1836.1,5418.8,5418.8,10.5,10.0
GGTAGGGATCAGACCACTC,GTCAGGTAAACCTGCAGAA,60.0/56.0,57.9/47.4,60,56,57.9,47.4,250,0.465,4,2750,2769,2981,3000,3558.9,568.7,7268.7,3045.0,3450.2,80.9,10.5,10.0
GGTAGGGATCAGACCACTC,AAGAAGGCGAGACAAACCT,60.0/56.0,57.9/47.4,60,56,57.9,47.4,400,0.465,4,2750,2769,3131,3150,3558.9,568.7,3299.6,1866.2,2820.6,2443.5,10.5,10.0
GTGACTCATTTCTGCTGGG,ACATCCAGGCGATGGTTCC,58.0/60.0,52.6/57.9,58,60,52.6,57.9,150,0.465,2,2960,2979,3091,3110,2175.0,632.4,3452.8,1243.4,4257.2,1114.9,9.0,10.5
GTGACTCATTTCTGCTGGG,AGGTCAGGAGAAGAAGGCG,58.0/60.0,52.6/57.9,58,60,52.6,57.9,200,0.465,2,2960,2979,3141,3160,2175.0,632.4,1518.8,1518.8,4920.0,74.2,9.0,10.5
CCCTGAACATCGGTGGGAT,ATCAACAAAGTCAGCGCAC,60.0/56.0,57.9/47.4,60,56,57.9,47.4,200,0.465,4,3050,3069,3231,3250,4697.9,1173.2,6843.5,4167.5,4088.2,2162.2,10.0,10.5
TCGCCTTCTTCTCCTGACC,TCGCCCTTCCATGACATAT,60.0/56.0,57.9/47.4,60,56,57.9,47.4,350,0.465,4,3140,3159,3471,3490,1428.9,34.6,4010.0,327.4,1471.6,34.6,10.5,10.0
TTTGCTGCCTGCACGGGTA,ATCAAACGTCATGGCCAAC,60.0/56.0,57.9/47.4,60,56,57.9,47.4,300,0.465,4,3170,3189,3451,3470,3409.0,1768.7,7157.6,4871.7,3848.4,573.7,10.0,10.5
CTCCTCTGGCAGCTTCATG,GATACATCACCGTTCAGCA,60.0/56.0,57.9/47.4,60,56,57.9,47.4,400,0.465,4,4190,4209,4571,4590,6184.7,2483.7,2833.4,1074.8,2814.0,1211.7,10.5,10.0
ACACACACACACTGTGAAG,CCTGCGTGTCGTACACCAT,56.0/60.0,47.4/57.9,56,60,47.4,57.9,150,0.465,4,4220,4239,4351,4370,6488.4,3910.3,3049.7,769.4,3369.8,259.3,10.5,10.0
ACACACACACACTGTGAAG,ATGATGAGGACGCGGACGA,56.0/60.0,47.4/57.9,56,60,47.4,57.9,250,0.465,4,4220,4239,4451,4470,6488.4,3910.3,6858.5,2020.9,3266.1,398.5,10.5,10.0
TCCTCATCATCATGGTGAG,CCAAGTTACTGCGCCAGCT,56.0/60.0,47.4/57.9,56,60,47.4,57.9,300,0.465,4,4460,4479,4741,4760,6968.8,6968.8,5931.1,2509.3,3965.1,1530.7,10.5,10.0
ATGGACTAGGGCCTCACCT,GAAGAAGGCTCGACGACGA,60.0/60.0,57.9/57.9,60,60,57.9,57.9,350,0.474,0,2150,2169,2481,2500,7212.1,2748.3,5259.8,5259.8,4336.1,1758.9,10.0,10.0
TACCAGTTACTTTTCCCTTGC,AGCACAAGAATTTCCCAAGCC,60.0/62.0,42.9/47.6,60,62,42.9,47.6,150,0.485,2,1070,1091,1199,1220,1750.8,1311.2,2232.8,13.2,3761.9,2249.1,8.5,10.5
CATGCTTGCATGTCGTAGTTA,AAATTCACAGTCGCGTCGCGT,60.0/64.0,42.9/52.4,60,64,42.9,52.4,150,0.485,4,1430,1451,1559,1580,7136.4,625.0,10903.0,6733.7,2054.3,522.4,10.0,10.0
GGTTGGACCTCTGATTGAGCT,ATCAAACGTCATGGCCAACTT,64.0/60.0,52.4/42.9,64,60,52.4,42.9,150,0.485,4,3320,3341,3449,3470,3346.4,3346.4,7157.6,3279.5,5595.8,185.1,10.0,10.0
GGTTGGACCTCTGATTGAGCT,AAGCAGAATTTGGCACCTACA,64.0/60.0,52.4/42.9,64,60,52.4,42.9,300,0.485,4,3320,3341,3599,3620,3346.4,3346.4,2580.1,661.4,2793.0,2486.2,10.0,10.0
GGGCCACTATGATTAGTCTTT,CAGGGATGTGAAACGAAGATG,60.0/62.0,42.9/47.6,60,62,42.9,47.6,300,0.485,2,3680,3701,3959,3980,5945.0,1944.0,3776.7,181.4,3108.4,159.1,8.5,10.5
GTTGCTCTGTGTTACCAGTAT,ACATGAAGCTGCCAGAGGAGT,60.0/64.0,42.9/52.4,60,64,42.9,52.4,200,0.485,4,4010,4031,4189,4210,935.1,14.0,5018.6,123.6,4621.0,606.9,10.0,10.0
CCTCAAGAACTTCCGCGAGAT,ACCTAAATCCGGCGCGAAATC,64.0/64.0,52.4/52.4,64,64,52.4,52.4,300,0.494,0,320,341,599,620,6778.0,2874.8,7309.6,2789.9,7043.8,4442.5,10.0,10.5
TTAATGGTCGGGGTCACCTAA,TATGCCCAGTCAAGTAGCATC,62.0/62.0,47.6/47.6,62,62,47.6,47.6,350,0.494,0,1010,1031,1339,1360,3735.1,321.4,3163.2,66.3,3698.8,943.8,8.0,10.5
CGTACCAAGCGTCCTTGTCAT,TGCGCGAAACCCTAGAACTAC,64.0/64.0,52.4/52.4,64,64,52.4,52.4,400,0.494,0,1160,1181,1539,1560,2287.7,1093.0,7309.6,1290.1,3710.1,769.4,10.0,10.5
CCTGTCGTTTCCTCTAGCACT,CAGTTTCTGGCAAGGGTTCAG,64.0/64.0,52.4/52.4,64,64,52.4,52.4,150,0.494,0,1280,1301,1409,1430,2833.4,928.3,2527.5,2057.4,2267.1,294.6,10.0,10.5
TTGTGCGGGTCGTTGATCTGT,ACCAACCAACCAACGAGATCG,64.0/64.0,52.4/52.4,64,64,52.4,52.4,200,0.494,0,1580,1601,1759,1780,3290.5,899.4,3759.1,3759.1,6243.3,2669.6,10.0,10.5
GCAGCGTACGCCTATGAAATG,CCTAGTCCATCGCGAGAAACA,64.0/64.0,52.4/52.4,64,64,52.4,52.4,250,0.494,0,1910,1931,2139,2160,10778.8,7748.1,7296.0,2388.2,4631.4,477.5,10.5,10.0
GTTCCAACCAGCATGGATAGC,TCAGCCAGGCACAAGTTGGAT,64.0/64.0,52.4/52.4,64,64,52.4,52.4,200,0.494,0,2180,2201,2359,2380,4357.8,2050.9,7144.1,1460.4,7458.9,3422.6,10.5,10.0
GGTAGGGATCAGACCACTCTA,AAGAAGGCGAGACAAACCTCC,64.0/64.0,52.4/52.4,64,64,52.4,52.4,400,0.494,0,2750,2771,3129,3150,3558.9,1404.7,3299.6,978.5,3041.8,1101.5,10.0,10.5
AGCGAAACCAAGTTGGCCATG,GGCCCAGGTACAAACTGTTGA,64.0/64.0,52.4/52.4,64,64,52.4,52.4,300,0.494,0,3440,3461,3719,3740,7922.9,4530.9,3951.0,565.7,5048.5,263.6,10.5,10.0
AGGCCACCACCACCCTATAT,CTGTGCTTGTGCTTTCGCGT,62.0/62.0,55.0/55.0,62,62,55.0,55.0,150,0.5,0,50,70,180,200,6103.2,1066.6,5925.8,0.0,2144.1,1639.1,10.0,10.0
GAAGATGGACGCCTTCTACT,GGCGCGAAATCGAGCTCCAA,60.0/64.0,50.0/60.0,60,64,50.0,60.0,350,0.5,4,260,280,590,610,3272.2,116.9,8005.9,2955.4,5390.3,835.1,10.0,10.0
AGTCATGCAACAATTTCGGT,CAGTTTCTGGCAAGGGTTCA,56.0/60.0,40.0/50.0,56,60,40.0,50.0,300,0.5,4,1130,1150,1410,1430,3887.8,533.6,2527.5,352.4,3281.5,1552.4,10.0,10.0
CGTACCAAGCGTCCTTGTCA,TATGCCCAGTCAAGTAGCAT,62.0/58.0,55.0/45.0,62,58,55.0,45.0,200,0.5,4,1160,1180,1340,1360,2287.7,195.1,3558.1,3558.1,2873.2,494.5,10.0,10.0
GATATCGTTGGCTTGGGAAA,CATATGTACTGGCAGTTCCC,58.0/60.0,45.0/50.0,58,60,45.0,50.0,350,0.5,2,1190,1210,1520,1540,2035.6,597.0,9203.0,5490.0,4340.4,260.1,8.5,9.0
AAATTCCACTGGTGCTACAA,TGCGCGAAACCCTAGAACTA,56.0/60.0,40.0/50.0,56,60,40.0,50.0,250,0.5,4,1310,1330,1540,1560,2845.3,558.2,7309.6,1421.5,2596.2,1473.7,10.0,10.0
ATGCTACTTGACTGGGCATA,CTAGAGCACCTCATTCATGA,58.0/58.0,45.0/45.0,58,58,45.0,45.0,150,0.5,0,1340,1360,1470,1490,3476.7,364.5,3368.1,3368.1,3475.4,348.2,10.0,10.0
GCAGCGTACGCCTATGAAAT,TTGCCGTATACTGTAGATGT,60.0/56.0,50.0/40.0,60,56,50.0,40.0,400,0.5,4,1910,1930,2290,2310,10778.8,5663.8,3746.4,1096.4,3571.1,164.9,10.0,10.0
ATGAGGCAGATTTCAAGACA,TTGGCAAAGAGGTCCACAGA,56.0/60.0,40.0/50.0,56,60,40.0,50.0,250,0.5,4,2270,2290,2500,2520,2800.3,1668.4,4412.1,2.9,2707.8,1208.9,10.0,10.0
TCCAACTTGTGCCTGGCTGA,GGTCCACAGAGAAGAAGGCT,62.0/62.0,55.0/55.0,62,62,55.0,55.0,150,0.5,0,2360,2380,2490,2510,7721.9,3824.5,2105.8,2105.8,4508.9,260.9,10.0,10.0
TCCAACTTGTGCCTGGCTGA,CACATCACACAACAAGAGCT,62.0/58.0,55.0/45.0,62,58,55.0,45.0,350,0.5,4,2360,2380,2690,2710,7721.9,3824.5,3346.4,3346.4,4901.5,2304.7,10.0,10.0
GGTAGGGATCAGACCACTCT,GATGGTTCCAACACACGCGA,62.0/62.0,55.0/55.0,62,62,55.0,55.0,350,0.5,0,2750,2770,3080,3100,3558.9,1701.0,7786.7,1688.2,3302.2,126.9,10.0,10.0
TAGGAAGCTGATCACGATCA,GATGGTTCCAACACACGCGA,58.0/62.0,45.0/55.0,58,62,45.0,55.0,200,0.5,4,2900,2920,3080,3100,4176.6,4176.6,7786.7,1688.2,5219.0,827.2,10.0,10.0
TCGCCTTCTTCTCCTGACCT,AGCAGCCCAAACCTCTTCCT,62.0/62.0,55.0/55.0,62,62,55.0,55.0,150,0.5,0,3140,3160,3270,3290,1428.9,1484.0,2919.0,273.0,2701.8,273.0,10.0,10.0
GGTGCGCTGACTTTGTTGAT,TTGCAAGAACAACCAGACAA,60.0/56.0,50.0/40.0,60,56,50.0,40.0,350,0.5,4,3230,3250,3560,3580,6416.8,200.4,4127.5,1225.6,3938.9,1433.6,10.0,10.0
GGGCCACTATGATTAGTCTT,CAGGGATGTGAAACGAAGAT,58.0/58.0,45.0/45.0,58,58,45.0,45.0,300,0.5,0,3680,3700,3960,3980,5945.0,238.9,3776.7,283.0,3108.4,2137.4,10.0,10.0
ATGGACTCTTTGGGCCTTCA,GCCAGAGGAGTGGCCAAAGA,60.0/64.0,50.0/60.0,60,64,50.0,60.0,400,0.5,4,3800,3820,4180,4200,5643.5,2521.8,6824.9,1572.4,7731.0,3295.5,10.0,10.0
GCTGCAGTTTGCCACGTCCA,GTACACCATGTATCCCAGGA,64.0/60.0,60.0/50.0,64,60,60.0,50.0,200,0.5,4,4160,4180,4340,4360,6981.7,1183.8,3068.6,2398.2,2696.4,610.7,10.0,10.0
TCCTGGGATACATGGTGTAC,ATTTTGGCAACCACAGCGGG,60.0/62.0,50.0/55.0,60,62,50.0,55.0,200,0.5,2,4340,4360,4520,4540,4090.5,2191.8,4840.0,1549.4,3295.7,448.8,10.5,7.0
ACGTGGTTATAGGGTTTCG,CTAGGGAAATCAACGCCTA,56.0/56.0,47.4/47.4,56,56,47.4,47.4,350,0.506,0,440,459,771,790,3369.0,1955.8,2353.8,2353.8,2828.6,1220.9,10.5,10.0
GTAGTTGCCTGTGTATACG,GGATTCAGTTCAGGCAGAA,56.0/56.0,47.4/47.4,56,56,47.4,47.4,250,0.506,0,800,819,1031,1050,3221.2,1995.8,1807.9,1807.9,6311.4,1433.1,10.5,10.0
GATATCGTTGGCTTGGGAA,TGCAAGCATGCAGTTTCTG,56.0/56.0,47.4/47.4,56,56,47.4,47.4,250,0.506,0,1190,1209,1421,1440,2035.6,111.0,8085.5,3777.0,5739.3,982.4,10.0,10.5
GATATCGTTGGCTTGGGAA,CTAGAGCACCTCATTCATG,56.0/56.0,47.4/47.4,56,56,47.4,47.4,300,0.506,0,1190,1209,1471,1490,2035.6,111.0,2483.7,2483.7,2967.6,1760.1,10.0,10.5
GATATCGTTGGCTTGGGAA,CATATGTACTGGCAGTTCC,56.0/56.0,47.4/47.4,56,56,47.4,47.4,350,0.506,0,1190,1209,1521,1540,2035.6,111.0,9203.0,6190.1,2494.5,2069.6,10.0,10.5
ATGCTACTTGACTGGGCAT,CTAGAGCACCTCATTCATG,56.0/56.0,47.4/47.4,56,56,47.4,47.4,150,0.506,0,1340,1359,1471,1490,3024.8,3024.8,2483.7,2483.7,3475.4,676.4,10.0,10.5
ATGCTACTTGACTGGGCAT,CATATGTACTGGCAGTTCC,56.0/56.0,47.4/47.4,56,56,47.4,47.4,200,0.506,0,1340,1359,1521,1540,3024.8,3024.8,9203.0,6190.1,3336.7,1710.4,10.0,10.5
GGGAACTGCCAGTACATAT,CACTAACAAACAGCACAGC,56.0/56.0,47.4/47.4,56,56,47.4,47.4,150,0.506,0,1520,1539,1651,1670,4371.4,816.1,2833.4,2050.9,2723.2,689.1,10.0,10.5
CTTTGGGAGTTGCTGACCT,TGCGATGGGTTTTCTCTGG,58.0/58.0,52.6/52.6,58,58,52.6,52.6,300,0.506,0,1790,1809,2071,2090,2621.0,498.8,3299.6,281.4,2494.3,1182.0,10.0,8.5
TGGTTCTAGAGTGGTCTGA,AAGTAAATCGTCAGCCAGG,56.0/56.0,47.4/47.4,56,56,47.4,47.4,300,0.506,0,2090,2109,2371,2390,2907.4,161.5,1819.4,1819.4,2785.5,2785.5,10.0,10.5
TGGTTCTAGAGTGGTCTGA,GACAACATGTACAGCAGAC,56.0/56.0,47.4/47.4,56,56,47.4,47.4,350,0.506,0,2090,2109,2421,2440,2907.4,161.5,4736.2,91.6,4941.1,24.2,10.0,10.5
GTTCCAACCAGCATGGATA,ACTCGTGTGTTTAAGGCTG,56.0/56.0,47.4/47.4,56,56,47.4,47.4,400,0.506,0,2180,2199,2561,2580,4357.8,686.5,3308.1,196.3,4225.6,366.8,10.0,10.5
TAGGAAGCTGATCACGATC,AAGAAGGCGAGACAAACCT,56.0/56.0,47.4/47.4,56,56,47.4,47.4,250,0.506,0,2900,2919,3131,3150,3368.1,2867.3,3299.6,1866.2,3538.1,757.2,10.5,10.0
TTGTGAACAGAGGAAGAGG,TGGCACCTACACAACCTAA,56.0/56.0,47.4/47.4,56,56,47.4,47.4,350,0.506,0,3260,3279,3591,3610,1574.2,330.5,2451.3,1473.7,4473.1,2239.6,10.5,10.0
TCCTGGGATACATGGTGTA,GATGGTATCTACGATGTGC,56.0/56.0,47.4/47.4,56,56,47.4,47.4,350,0.506,0,4340,4359,4671,4690,4090.5,1429.5,3776.7,1311.2,4216.7,977.7,10.0,10.5
CGGTTTCGAAATCCATCCA,GCATCGGAGGGAGAGAAGA,56.0/60.0,47.4/57.9,56,60,47.4,57.9,300,0.515,4,110,129,391,410,6581.6,963.8,2320.4,209.5,4937.0,1596.8,10.0,10.0
CCTCAAGAACTTCCGCGAG,ACCTAAATCCGGCGCGAAA,60.0/58.0,57.9/52.6,60,58,57.9,52.6,300,0.515,2,320,339,601,620,6778.0,4332.7,7309.6,2339.5,7043.8,4246.9,10.5,8.5
TGGTTCTAGAGTGGTCTGA,CGACGACGACTGAGCGTAA,56.0/60.0,47.4/57.9,56,60,47.4,57.9,400,0.515,4,2090,2109,2471,2490,2907.4,161.5,5275.4,1418.6,4128.9,1313.1,10.0,10.0
CTCCTCTGGCAGCTTCATG,ATTTTGGCAACCACAGCGG,60.0/58.0,57.9/52.6,60,58,57.9,52.6,350,0.515,2,4190,4209,4521,4540,6184.7,2483.7,4840.0,1463.4,2859.2,815.0,10.5,8.5
TCCTGGGATACATGGTGTA,TGGCTAGGGTGCTCACCAT,56.0/60.0,47.4/57.9,56,60,47.4,57.9,150,0.515,4,4340,4359,4471,4490,4090.5,1429.5,6592.9,5708.2,5035.8,1211.2,10.0,10.0
AATGCTACCTGACGACGGG,CCAACCGTAACTCGTGAGG,60.0/60.0,57.9/57.9,60,60,57.9,57.9,150,0.524,0,1880,1899,2011,2030,5515.4,5515.4,3534.7,647.0,6664.8,2641.2,9.0,10.5
AACTGAATCCGTTCGTGTCAC,CTGTCGAATTTTGTAGCACCA,62.0/60.0,47.6/42.9,62,60,47.6,42.9,300,0.535,2,1040,1061,1319,1340,2699.0,2699.0,3196.8,430.3,3427.1,899.4,10.5,8.0
TTAATGGTCGGGGTCACCTAA,TCTGAATGGAGTGCTAGAGGA,62.0/62.0,47.6/47.6,62,62,47.6,47.6,300,0.544,0,1010,1031,1289,1310,3735.1,321.4,3917.0,28.7,3130.0,53.3,8.0,10.0
CCTGTCGTTTCCTCTAGCACT,GGCAGTTCCCGAAATTCAGGA,64.0/64.0,52.4/52.4,64,64,52.4,52.4,250,0.544,0,1280,1301,1509,1530,2833.4,928.3,2309.5,2309.5,3215.0,395.9,10.0,10.0
CCTGTCGTTTCCTCTAGCACT,AAATTCACAGTCGCGTCGCGT,64.0/64.0,52.4/52.4,64,64,52.4,52.4,300,0.544,0,1280,1301,1559,1580,2833.4,928.3,10903.0,6733.7,2717.9,206.3,10.0,10.0
CCAAAGAAGAGGTACAAAGCG,TTTTCATTCGGCCTTGTCGGC,62.0/64.0,47.6/52.4,62,64,47.6,52.4,150,0.544,2,2210,2231,2339,2360,3555.7,1518.8,5055.1,2553.6,2918.5,1017.1,10.5,8.5
CGTCTGCTGTACATGTTGTCT,GCATGGAATCGCCTCTTTTCA,62.0/62.0,47.6/47.6,62,62,47.6,47.6,250,0.544,0,2420,2441,2649,2670,5689.2,551.0,3613.4,827.2,3762.6,1257.1,10.0,8.0
GGTAGGGATCAGACCACTCTA,CAATGTGCAGGTAAGCACCCA,64.0/64.0,52.4/52.4,64,64,52.4,52.4,300,0.544,0,2750,2771,3029,3050,3558.9,1404.7,5583.9,1995.9,4569.8,931.7,10.0,10.0
TCCTCATCATCATGGTGAGCA,GTTCTTGAGCTGCAAACAGGG,62.0/64.0,47.6/52.4,62,64,47.6,52.4,150,0.544,2,4460,4481,4589,4610,7306.8,4539.4,4878.8,606.9,3573.4,2727.0,10.0,9.0
AGAAAAATCCACGCGAAAGC,AAATTTACCCGCATCGGAGG,58.0/60.0,45.0/50.0,58,60,45.0,50.0,250,0.55,2,170,190,400,420,7786.7,1365.1,4843.5,1364.4,4516.5,2628.7,6.5,10.5
CGACGACGGATTTTTGTGCG,GCGTATACACAGGCAACTAC,62.0/60.0,55.0/50.0,62,60,55.0,50.0,350,0.55,2,470,490,800,820,4347.2,2647.7,4215.9,287.7,3393.1,1184.6,6.5,10.5
TCCTTTTTTCCCCTCACGAG,TGAATCGTCCTCGAGCCTTC,60.0/62.0,50.0/55.0,60,62,50.0,55.0,250,0.55,2,2000,2020,2230,2250,3776.7,1831.3,5755.8,2923.5,4597.2,4597.2,6.5,10.5
CTTTGACCCAAGGTAAAGAC,AAGACTAATCATAGTGGCCC,58.0/58.0,45.0/45.0,58,58,45.0,45.0,350,0.55,0,3350,3370,3680,3700,968.5,538.9,5190.8,2501.6,2070.0,917.4,10.5,9.0
TTCCCCGGCTGGATTATCA,CCCGTCATCAGGTAGCATT,58.0/58.0,52.6/52.6,58,58,52.6,52.6,150,0.556,0,620,639,751,770,7300.1,915.0,3315.1,1251.4,3587.5,1217.1,8.0,10.0
TTCCCCGGCTGGATTATCA,CTACTACCTGCCATGCGTA,58.0/58.0,52.6/52.6,58,58,52.6,52.6,350,0.556,0,620,639,951,970,7300.1,915.0,2567.1,1545.6,6325.9,248.5,8.0,10.0
GTAGGCGTTGATTTCCCTA,GCTTGGTACGAACGTGTAA,56.0/56.0,47.4/47.4,56,56,47.4,47.4,400,0.556,0,770,789,1151,1170,2226.9,1762.6,4986.2,1491.3,4206.2,783.7,10.0,10.0
CATGCTTGCATGTCGTAGT,ACCAACCAACCAACGAGAT,56.0/56.0,47.4/47.4,56,56,47.4,47.4,350,0.556,0,1430,1449,1761,1780,7136.4,581.4,3776.7,200.4,2967.0,1374.9,10.0,10.0
GCAGCGTACGCCTATGAAA,ATCAGACCACTCTAGAACC,58.0/56.0,52.6/47.4,58,56,52.6,47.4,200,0.556,2,1910,1929,2091,2110,10778.8,609.2,3197.3,984.4,1581.9,1016.0,8.5,10.5
AATGCACTGGACGCTTTTC,TCGAGCCTTCGCTTTGTAC,56.0/58.0,47.4/52.6,56,58,47.4,52.6,300,0.556,2,1940,1959,2221,2240,3727.3,14.1,2191.8,2191.8,2602.8,515.1,8.5,10.5
GTGACTCATTTCTGCTGGG,TGGGTCAAAGTCTATGGCA,58.0/56.0,52.6/47.4,58,56,52.6,47.4,400,0.556,2,2960,2979,3341,3360,2175.0,632.4,3537.1,3537.1,3412.9,91.9,9.0,10.0
TCTCTGTGCCAGTCTATGA,TGGGTCAAAGTCTATGGCA,56.0/56.0,47.4/47.4,56,56,47.4,47.4,250,0.556,0,3110,3129,3341,3360,1978.8,329.5,3537.1,3537.1,4699.2,1867.1,10.0,10.0
GAAGTTGTCGTCCTGGAAA,ACAGTACATGTCGCCCTTC,56.0/58.0,47.4/52.6,56,58,47.4,52.6,300,0.556,2,3200,3219,3481,3500,4502.0,1277.5,5480.6,199.5,2644.3,669.2,8.5,10.5
GGGCCACTATGATTAGTCT,CAGGGATGTGAAACGAAGA,56.0/56.0,47.4/47.4,56,56,47.4,47.4,300,0.556,0,3680,3699,3961,3980,5945.0,490.1,3776.7,457.7,3108.4,127.5,10.0,10.0
GTTGCTCTGTGTTACCAGT,ATCTCTGTTGTGTGGTGGG,56.0/58.0,47.4/52.6,56,58,47.4,52.6,250,0.556,2,4010,4029,4241,4260,935.1,832.1,245.5,129.6,3702.3,1503.2,10.0,9.0
GTTGCTCTGTGTTACCAGT,ATGTAATCCATGTCGCCGT,56.0/56.0,47.4/47.4,56,56,47.4,47.4,400,0.556,0,4010,4029,4391,4410,935.1,832.1,2903.2,971.4,1963.4,855.4,10.0,10.0
TCCTGGGATACATGGTGTA,GATACATCACCGTTCAGCA,56.0/56.0,47.4/47.4,56,56,47.4,47.4,250,0.556,0,4340,4359,4571,4590,4090.5,1429.5,2833.4,1074.8,3621.2,2927.9,10.0,10.0
CTTTGGGAGTTGCTGACCT,AAATCAGAGAGAGCGGGGC,58.0/60.0,52.6/57.9,58,60,52.6,57.9,350,0.565,2,1790,1809,2121,2140,2621.0,498.8,2371.4,1163.7,3723.7,1052.2,10.0,8.5
TGCCCCGCTCTCTCTGATT,TTGGCAAAGAGGTCCACAG,60.0/58.0,57.9/52.6,60,58,57.9,52.6,400,0.565,2,2120,2139,2501,2520,1921.0,1100.0,4412.1,409.6,3996.5,64.5,8.0,10.5
AGTAAAACGTGGGCTGGGC,ACATCCAGGCGATGGTTCC,60.0/60.0,57.9/57.9,60,60,57.9,57.9,300,0.574,0,2810,2829,3091,3110,3604.3,1657.9,3452.8,1243.4,6237.7,1130.6,8.5,10.5
AGTAAAACGTGGGCTGGGC,AGGTCAGGAGAAGAAGGCG,60.0/60.0,57.9/57.9,60,60,57.9,57.9,350,0.574,0,2810,2829,3141,3160,3604.3,1657.9,1518.8,1518.8,2622.3,1130.6,8.5,10.5
ATGGACTCTTTGGGCCTTC,GCCAGAGGAGTGGCCAAAG,58.0/62.0,52.6/63.2,58,62,52.6,63.2,400,0.574,4,3800,3819,4181,4200,5643.5,1935.2,6824.9,1768.0,7220.7,5366.5,10.5,10.5
GCGCAGGGAGTACCTGTAC,TGTGGTGGGATCTTCACAG,62.0/58.0,63.2/52.6,62,58,63.2,52.6,150,0.574,4,4100,4119,4231,4250,7959.3,4978.0,4367.0,409.6,3214.8,575.1,10.5,10.5
GCTGCAGTTTGCCACGTCC,GTACACCATGTATCCCAGG,62.0/58.0,63.2/52.6,62,58,63.2,52.6,200,0.574,4,4160,4179,4341,4360,6981.7,1252.3,2903.2,2044.5,2237.7,884.9,10.5,10.5
AAATTTCGGGGAATGCTACCT,TTGCATGACTAGTACTCCTAC,60.0/60.0,42.9/42.9,60,60,42.9,42.9,400,0.576,0,740,761,1119,1140,1878.3,1257.1,4855.9,1092.6,3726.5,592.1,8.0,10.5
GGGCCACTATGATTAGTCTTT,TACTGGTAACACAGAGCAACA,60.0/60.0,42.9/42.9,60,60,42.9,42.9,350,0.576,0,3680,3701,4009,4030,5945.0,1944.0,3263.7,729.5,2755.3,196.5,8.5,10.0
TTAATGGTCGGGGTCACCTAA,TTTCCCAAGCCAACGATATCA,62.0/60.0,47.6/42.9,62,60,47.6,42.9,200,0.585,2,1010,1031,1189,1210,3735.1,321.4,4219.1,1627.0,3076.5,906.8,8.0,10.0
GATCTCGTTGGTTGGTTGGTT,TGAAAAGCGTCCAGTGCATTA,62.0/60.0,47.6/42.9,62,60,47.6,42.9,200,0.585,2,1760,1781,1939,1960,2050.6,1100.0,3653.6,1132.2,1421.0,819.8,10.0,8.0
GAACGGCTGCAAAGGACAAAT,AAAATCAATCGCGCGGTTCTA,62.0/60.0,47.6/42.9,62,60,47.6,42.9,250,0.585,2,2540,2561,2769,2790,4720.5,782.3,9456.3,6854.4,5042.0,1139.7,10.0,8.0
AGGCCACCACCACCCTATATA,ATAACCACGTACGGACCGAAA,64.0/62.0,52.4/47.6,64,62,52.4,47.6,400,0.594,2,50,71,429,450,6103.2,610.1,8545.2,4475.3,2645.6,442.5,10.0,8.5
TTGTGCGGGTCGTTGATCTGT,CCCCGAATTTTCTGTACAGAG,64.0/62.0,52.4/47.6,64,62,52.4,47.6,300,0.594,2,1580,1601,1859,1880,3290.5,899.4,7959.5,4678.0,5750.2,3930.4,10.0,8.5
CGACGACGGATTTTTGTGCG,ACCTAAATCCGGCGCGAAAT,62.0/60.0,55.0/50.0,62,60,55.0,50.0,150,0.6,2,470,490,600,620,4347.2,2647.7,7309.6,2476.4,9507.6,4308.2,6.5,10.0
TTCCCCGGCTGGATTATCAG,CCCGTCATCAGGTAGCATTC,62.0/62.0,55.0/55.0,62,62,55.0,55.0,150,0.6,0,620,640,750,770,7300.1,2519.6,3315.1,323.7,3587.5,171.1,8.5,10.5
GATGCGTGTCTGAACCCTTG,CTAATAATCAAGCGGGGGGA,62.0/60.0,55.0/50.0,62,60,55.0,50.0,350,0.6,2,1400,1420,1730,1750,2533.7,46.6,2371.4,938.5,4255.9,2528.0,10.5,6.0
AATGCACTGGACGCTTTTCA,TGGTTGGAACGGCTGAAAAG,58.0/60.0,45.0/50.0,58,60,45.0,50.0,250,0.6,2,1940,1960,2170,2190,3727.3,494.5,5038.9,425.0,4744.6,4744.6,8.0,8.5
TCCTTTTTTCCCCTCACGAG,CGCGAGAAACAAATCAGAGA,60.0/58.0,50.0/45.0,60,58,50.0,45.0,150,0.6,2,2000,2020,2130,2150,3776.7,1831.3,5793.8,1017.6,3067.1,1892.6,6.5,10.0
TGCCCCGCTCTCTCTGATTT,TTGGCAAAGAGGTCCACAGA,62.0/60.0,55.0/50.0,62,60,55.0,50.0,400,0.6,2,2120,2140,2500,2520,1921.0,1100.0,4412.1,2.9,3996.5,263.0,6.5,10.0
GAACGGCTGCAAAGGACAAA,TCTGCCACGCTCTCTCTCTC,60.0/64.0,50.0/60.0,60,64,50.0,60.0,200,0.6,4,2540,2560,2720,2740,4720.5,1418.6,2333.8,634.9,3965.7,1807.5,8.5,10.5
GAACGGCTGCAAAGGACAAA,AAAATCAATCGCGCGGTTCT,60.0/58.0,50.0/45.0,60,58,50.0,45.0,250,0.6,2,2540,2560,2770,2790,4720.5,1418.6,9456.3,6111.6,5042.0,1276.7,8.5,8.0
GGTAGGGATCAGACCACTCT,CAATGTGCAGGTAAGCACCC,62.0/62.0,55.0/55.0,62,62,55.0,55.0,300,0.6,0,2750,2770,3030,3050,3558.9,1701.0,5583.9,866.5,3787.3,111.6,10.0,9.0
TAGGAAGCTGATCACGATCA,CAATGTGCAGGTAAGCACCC,58.0/62.0,45.0/55.0,58,62,45.0,55.0,150,0.6,4,2900,2920,3030,3050,4176.6,4176.6,5583.9,866.5,3586.9,737.9,10.0,9.0
TTGTGAACAGAGGAAGAGGT,AGGAAAAAGGAGGGTCTCAG,58.0/60.0,45.0/50.0,58,60,45.0,50.0,400,0.6,2,3260,3280,3640,3660,1574.2,533.6,2595.0,17.9,2674.2,948.7,10.0,6.5
TTAATGGTCGGGGTCACCT,TCTGAATGGAGTGCTAGAG,58.0/56.0,52.6/47.4,58,56,52.6,47.4,300,0.606,2,1010,1029,1291,1310,3735.1,846.7,3917.0,772.5,2721.6,1145.4,8.0,10.5
GGGAACTGCCAGTACATAT,CGCAAGATGGAGCTCCAAA,56.0/58.0,47.4/52.6,56,58,47.4,52.6,200,0.606,2,1520,1539,1701,1720,4371.4,816.1,11588.2,7009.9,2987.1,651.9,10.0,8.5
TTGTGCGGGTCGTTGATCT,CCCCGAATTTTCTGTACAG,58.0/56.0,52.6/47.4,58,56,52.6,47.4,300,0.606,2,1580,1599,1861,1880,3290.5,1138.0,6911.1,6911.1,5750.2,314.7,10.0,8.5
GATCTCGTTGGTTGGTTGG,TGAAAAGCGTCCAGTGCAT,58.0/56.0,52.6/47.4,58,56,52.6,47.4,200,0.606,2,1760,1779,1941,1960,2050.6,281.4,3653.6,249.0,1421.0,1574.9,10.5,8.0
GAACGGCTGCAAAGGACAA,AAAATCAATCGCGCGGTTC,58.0/56.0,52.6/47.4,58,56,52.6,47.4,250,0.606,2,2540,2559,2771,2790,4720.5,1418.6,9456.3,2214.9,4494.3,1227.7,10.0,8.5
TCCTGGGATACATGGTGTA,ATTTTGGCAACCACAGCGG,56.0/58.0,47.4/52.6,56,58,47.4,52.6,200,0.606,2,4340,4359,4521,4540,4090.5,1429.5,4840.0,1463.4,3295.7,1251.9,10.0,8.5
TCTTTGCCAAAGAAGAGCTATG,CACATCACACAACAAGAGCTTG,62.0/64.0,40.9/45.5,62,64,40.9,45.5,200,0.608,2,2510,2532,2688,2710,6607.3,360.7,4312.4,4312.4,3241.8,2554.7,10.5,10.5
CCGAATGATGATACAAACATGG,CGTTCAGCACAATTGATCAGAC,62.0/64.0,40.9/45.5,62,64,40.9,45.5,300,0.608,2,4280,4302,4558,4580,4090.5,372.6,6661.8,2389.7,2655.6,330.5,10.5,10.5
TTCCCCGGCTGGATTATCA,TCCAGTTCGTGGCCATGGT,58.0/60.0,52.6/57.9,58,60,52.6,57.9,250,0.615,2,620,639,851,870,7300.1,915.0,8373.3,4094.1,3590.3,827.2,8.0,10.0
CTGCTGGCTCAATCGCGTT,TAGGTGACCCCGACCATTA,60.0/58.0,57.9/52.6,60,58,57.9,52.6,350,0.615,2,680,699,1011,1030,5925.8,3661.4,4467.8,246.5,2385.0,1120.0,10.0,8.0
ATGTTGTCGGTGCTGTGCT,GCCCCAGCTAACCAACCAA,58.0/60.0,52.6/57.9,58,60,52.6,57.9,150,0.615,2,1640,1659,1771,1790,2406.7,1741.7,3079.2,1473.7,4094.0,2272.8,10.0,8.0
GTAGGCGTTGATTTCCCTAGTA,GTCATAATTGTGACACGAACGG,64.0/64.0,45.5/45.5,64,64,45.5,45.5,300,0.62,0,770,792,1048,1070,2278.6,1174.4,7826.1,252.7,4295.5,441.5,10.0,10.5
AACTGAATCCGTTCGTGTCACA,GAGGAAACGACAGGATTAACAG,64.0/64.0,45.5/45.5,64,64,45.5,45.5,200,0.62,0,1040,1062,1218,1240,4264.0,963.0,3776.7,409.6,6032.3,1217.1,10.0,10.5
GATCTCGTTGGTTGGTTGGTTA,ATCAGACCACTCTAGAACCATG,64.0/64.0,45.5/45.5,64,64,45.5,45.5,350,0.62,0,1760,1782,2088,2110,2050.6,626.7,3197.3,2229.2,4365.9,133.3,10.0,10.5
GAAGTTGTCGTCCTGGAAATGT,TCTATGGCAAGCTCAATCAGAG,64.0/64.0,45.5/45.5,64,64,45.5,45.5,150,0.62,0,3200,3222,3328,3350,4502.0,789.6,3854.7,2386.4,2820.6,806.2,10.0,10.5
GAAGATGGACGCCTTCTAC,GGCGCGAAATCGAGCTCCA,58.0/62.0,52.6/63.2,58,62,52.6,63.2,350,0.624,4,260,279,591,610,3272.2,517.5,8005.9,3659.3,5390.3,1389.2,10.5,10.0
GTCGTCGTCGAGCCTTCTT,TGCCCAGCCCACGTTTTAC,60.0/60.0,57.9/57.9,60,60,57.9,57.9,350,0.624,0,2480,2499,2811,2830,4957.9,1402.1,3057.7,563.5,2846.2,1018.0,10.0,8.5
CCCTCGATCACGGTCATCG,ACACACGCGAGCATTGTCA,62.0/58.0,63.2/52.6,62,58,63.2,52.6,250,0.624,4,2840,2859,3071,3090,5010.3,5010.3,7786.7,195.1,4527.7,2065.1,10.5,10.0
CCCTCGATCACGGTCATCG,TCAGCGCACCATGTCATGA,62.0/58.0,63.2/52.6,62,58,63.2,52.6,400,0.624,4,2840,2859,3221,3240,5010.3,5010.3,6219.2,3440.4,2465.3,1366.0,10.5,10.0
TCGCCTTCTTCTCCTGACC,GCCACGGGGTTTACTCCTA,60.0/60.0,57.9/57.9,60,60,57.9,57.9,300,0.624,0,3140,3159,3421,3440,1428.9,34.6,6034.7,1065.2,3196.5,1946.5,10.5,8.0
AGGGTTTGTCGGAACCGCC,AAGTCGGTGAAGAGGGTGA,62.0/58.0,63.2/52.6,62,58,63.2,52.6,400,0.624,4,4040,4059,4421,4440,4921.9,2870.1,2094.3,311.9,4151.5,2205.8,10.5,10.0
GATATCGTTGGCTTGGGAAAT,CTGTCGAATTTTGTAGCACCA,60.0/60.0,42.9/42.9,60,60,42.9,42.9,150,0.626,0,1190,1211,1319,1340,2035.6,182.0,3196.8,430.3,3429.6,637.6,10.0,8.0
CCTCAAGAACTTCCGCGAG,GGCGCTTGGGATCTCCAAG,60.0/62.0,57.9/63.2,60,62,57.9,63.2,400,0.633,2,320,339,701,720,6778.0,4332.7,7378.4,7378.4,4296.0,2261.9,10.5,10.5
CGTACCAAGCGTCCTTGTC,GACACGCATCCACGGCAAC,60.0/62.0,57.9/63.2,60,62,57.9,63.2,250,0.633,2,1160,1179,1391,1410,2287.7,1217.4,2848.5,81.0,4919.6,3620.1,10.5,10.5
GAGAGAGAGAGCGTGGCAG,AGGCCAGGGCAAAGCATAG,62.0/60.0,63.2/57.9,62,60,63.2,57.9,300,0.633,2,2720,2739,3001,3020,3348.7,813.8,7077.9,171.1,5574.1,1467.6,10.5,10.5
GAGAGAGAGAGCGTGGCAG,CATCCCACCGATGTTCAGG,62.0/60.0,63.2/57.9,62,60,63.2,57.9,350,0.633,2,2720,2739,3051,3070,3348.7,813.8,2768.0,1540.2,3468.3,333.5,10.5,10.5
GAGAGAGAGAGCGTGGCAG,GGCACAGAGAACATCCAGG,62.0/60.0,63.2/57.9,62,60,63.2,57.9,400,0.633,2,2720,2739,3101,3120,3348.7,813.8,2675.2,1542.3,4438.6,706.6,10.5,10.5
AGGGTTTGTCGGAACCGCC,TGGCCAAAGATGGACGTGG,62.0/60.0,63.2/57.9,62,60,63.2,57.9,150,0.633,2,4040,4059,4171,4190,4921.9,2870.1,6071.9,1797.4,2940.3,2940.3,10.5,10.5
CTCCTCTGGCAGCTTCATG,GTGCGCCCTCTCGATGATC,60.0/62.0,57.9/63.2,60,62,57.9,63.2,200,0.633,2,4190,4209,4371,4390,6184.7,2483.7,5931.1,2195.0,3811.0,687.9,10.5,10.5
GTTAATCCTGTCGTTTCCTCT,CAGCCAAAACTATGCCCAGTC,60.0/64.0,42.9/52.4,60,64,42.9,52.4,150,0.635,4,1220,1241,1349,1370,1915.8,1163.9,1921.0,413.0,2260.7,523.6,10.0,8.5
AATGCTACCTGACGACGG,CCAACCGTAACTCGTGAG,56.0/56.0,55.6/55.6,56,56,55.6,55.6,150,0.636,0,1880,1898,2012,2030,4347.2,2506.8,2682.1,2682.1,4700.7,4700.7,10.5,10.5
TCGCCTTCTTCTCCTGAC,AGCAGCCCAAACCTCTTC,56.0/56.0,55.6/55.6,56,56,55.6,55.6,150,0.636,0,3140,3158,3272,3290,1428.9,538.9,2919.0,656.4,2701.8,306.6,10.5,10.5
ATGAGGCAGATTTCAAGACAAC,TTAAGGCTGATTTGTCCTTTGC,62.0/62.0,40.9/40.9,62,62,40.9,40.9,300,0.646,0,2270,2292,2548,2570,2800.3,538.9,3308.1,1758.4,3717.5,871.6,10.5,10.5
